fsm_execution_ts_sec,current_state,path_ts_sec,map_obj_ts_sec,sig_Phi_0,sig_Phi_1,sig_Intent_R,sig_Intent_F,sig_Intent_L,sig_DWB_0,sig_DWB_1,sig_RWB_0,sig_RWB_1,data_RWB_1_reached_waiting_box,data_RWB_1_hit_point_x_ego_frame,data_RWB_1_hit_point_y_ego_frame,data_RWB_1_distance,sig_CEWB_0,sig_CEWB_1,sig_ENLI_1,data_ENLI_1_stop_line_under_the_ego,data_ENLI_1_distance_from_ego_to_nearest_SL,data_ENLI_1_distance_from_rear_to_nearest_SL,data_ENLI_1_hit_point_x_ego_frame,data_ENLI_1_hit_point_y_ego_frame,sig_HALF_EXLI_1,data_HALF_EXLI_1_crosswalk_under_the_ego,data_HALF_EXLI_1_zebra_hit,data_HALF_EXLI_1_empty_crosswalk_hit,data_HALF_EXLI_1_second_stage,data_HALF_EXLI_1_required_num_sequential_hits,data_HALF_EXLI_1_registered_num_sequential_hits,sig_FULL_EXLI_1,data_FULL_EXLI_1_crosswalk_under_the_ego,data_FULL_EXLI_1_zebra_hit,data_FULL_EXLI_1_empty_crosswalk_hit,data_FULL_EXLI_1_second_stage,data_FULL_EXLI_1_required_num_sequential_hits,data_FULL_EXLI_1_registered_num_sequential_hits,data_FULL_EXLI_1_crosswalk_under_the_ego,data_FULL_EXLI_1_zebra_hit,data_FULL_EXLI_1_empty_crosswalk_hit,data_FULL_EXLI_1_second_stage,data_FULL_EXLI_1_required_num_sequential_hits,data_FULL_EXLI_1_registered_num_sequential_hits,sig_RIF_0,sig_RIF_1
1729486465.477806,Intersection,1729486465.270818,1729486465.405399,-,1,-,-,-,-,-,-,-,-,-,-,-,-,-,-,-,-,-,-,-,-,-,-,-,-,-,-,-,-,-,-,-,-,-,-,-,-,-,-,-,-,-
1729486465.511206,IntersectionApproaching,1729486465.400497,1729486465.474777,0,-,0,1,0,1,0,-,-,-,-,-,-,1,0,0,false,56.142071,53.439835,-,0,-,-,-,-,-,-,-,-,-,-,-,-,-,-,-,-,-,-,-,-,-,-
1729486465.544696,IntersectionApproaching,1729486465.400497,1729486465.474777,0,-,0,1,0,1,0,-,-,-,-,-,-,1,0,0,false,56.142071,53.439835,-,0,-,-,-,-,-,-,-,-,-,-,-,-,-,-,-,-,-,-,-,-,-,-
1729486465.578072,IntersectionApproaching,1729486465.400497,1729486465.474777,0,-,0,1,0,1,0,-,-,-,-,-,-,1,0,0,false,56.142071,53.439835,-,0,-,-,-,-,-,-,-,-,-,-,-,-,-,-,-,-,-,-,-,-,-,-
1729486465.611488,IntersectionApproaching,1729486465.469976,1729486465.541708,0,-,0,1,0,1,0,-,-,-,-,-,-,1,0,0,false,56.121773,53.629528,-,0,-,-,-,-,-,-,-,-,-,-,-,-,-,-,-,-,-,-,-,-,-,-
1729486465.644741,IntersectionApproaching,1729486465.469976,1729486465.605953,0,-,0,1,0,1,0,-,-,-,-,-,-,1,0,0,false,55.833355,53.821880,-,0,-,-,-,-,-,-,-,-,-,-,-,-,-,-,-,-,-,-,-,-,-,-
1729486465.678154,IntersectionApproaching,1729486465.536897,1729486465.605953,0,-,0,1,0,1,0,-,-,-,-,-,-,1,0,0,false,55.833355,53.821880,-,0,-,-,-,-,-,-,-,-,-,-,-,-,-,-,-,-,-,-,-,-,-,-
1729486465.711540,IntersectionApproaching,1729486465.600168,1729486465.605953,0,-,0,1,0,1,0,-,-,-,-,-,-,1,0,0,false,55.833355,53.821880,-,0,-,-,-,-,-,-,-,-,-,-,-,-,-,-,-,-,-,-,-,-,-,-
1729486465.744924,IntersectionApproaching,1729486465.600168,1729486465.605953,0,-,0,1,0,1,0,-,-,-,-,-,-,1,0,0,false,55.833355,53.821880,-,0,-,-,-,-,-,-,-,-,-,-,-,-,-,-,-,-,-,-,-,-,-,-
1729486465.778395,IntersectionApproaching,1729486465.600168,1729486465.605953,0,-,0,1,0,1,0,-,-,-,-,-,-,1,0,0,false,55.833355,53.821880,-,0,-,-,-,-,-,-,-,-,-,-,-,-,-,-,-,-,-,-,-,-,-,-
1729486465.812059,IntersectionApproaching,1729486465.600168,1729486465.742195,0,-,0,1,0,1,0,-,-,-,-,-,-,1,0,0,false,54.242825,55.439713,-,0,-,-,-,-,-,-,-,-,-,-,-,-,-,-,-,-,-,-,-,-,-,-
1729486465.845321,IntersectionApproaching,1729486465.600168,1729486465.808115,0,-,0,1,0,1,0,-,-,-,-,-,-,1,0,0,false,54.242825,55.440029,-,0,-,-,-,-,-,-,-,-,-,-,-,-,-,-,-,-,-,-,-,-,-,-
1729486465.878836,IntersectionApproaching,1729486465.738222,1729486465.808115,0,-,0,1,0,1,0,-,-,-,-,-,-,1,0,0,false,54.242825,55.440029,-,0,-,-,-,-,-,-,-,-,-,-,-,-,-,-,-,-,-,-,-,-,-,-
1729486465.912015,IntersectionApproaching,1729486465.738222,1729486465.873326,0,-,0,1,0,1,0,-,-,-,-,-,-,1,0,0,false,54.242825,55.440029,-,0,-,-,-,-,-,-,-,-,-,-,-,-,-,-,-,-,-,-,-,-,-,-
1729486465.945397,IntersectionApproaching,1729486465.803993,1729486465.873326,0,-,0,1,0,1,0,-,-,-,-,-,-,1,0,0,false,52.654213,55.430679,-,0,-,-,-,-,-,-,-,-,-,-,-,-,-,-,-,-,-,-,-,-,-,-
1729486465.978779,IntersectionApproaching,1729486465.868644,1729486465.938012,0,-,0,1,0,1,0,-,-,-,-,-,-,1,0,0,false,52.654213,55.430771,-,0,-,-,-,-,-,-,-,-,-,-,-,-,-,-,-,-,-,-,-,-,-,-
1729486466.012251,IntersectionApproaching,1729486465.868644,1729486465.938012,0,-,0,1,0,1,0,-,-,-,-,-,-,1,0,0,false,52.654213,55.430771,-,0,-,-,-,-,-,-,-,-,-,-,-,-,-,-,-,-,-,-,-,-,-,-
1729486466.045782,IntersectionApproaching,1729486465.868644,1729486466.008733,0,-,0,1,0,1,0,-,-,-,-,-,-,1,0,0,false,52.363876,55.141296,-,0,-,-,-,-,-,-,-,-,-,-,-,-,-,-,-,-,-,-,-,-,-,-
1729486466.079424,IntersectionApproaching,1729486465.933355,1729486466.008733,0,-,0,1,0,1,0,-,-,-,-,-,-,1,0,0,false,52.363876,55.141296,-,0,-,-,-,-,-,-,-,-,-,-,-,-,-,-,-,-,-,-,-,-,-,-
1729486466.112508,IntersectionApproaching,1729486466.002851,1729486466.071248,0,-,0,1,0,1,0,-,-,-,-,-,-,1,0,0,false,51.067707,53.843586,-,0,-,-,-,-,-,-,-,-,-,-,-,-,-,-,-,-,-,-,-,-,-,-
1729486466.146149,IntersectionApproaching,1729486466.002851,1729486466.071248,0,-,0,1,0,1,0,-,-,-,-,-,-,1,0,0,false,51.067707,53.843586,-,0,-,-,-,-,-,-,-,-,-,-,-,-,-,-,-,-,-,-,-,-,-,-
1729486466.179216,IntersectionApproaching,1729486466.065278,1729486466.140183,0,-,0,1,0,1,0,-,-,-,-,-,-,1,0,0,false,50.775383,53.552189,-,0,-,-,-,-,-,-,-,-,-,-,-,-,-,-,-,-,-,-,-,-,-,-
1729486466.212609,IntersectionApproaching,1729486466.065278,1729486466.140183,0,-,0,1,0,1,0,-,-,-,-,-,-,1,0,0,false,50.775383,53.552189,-,0,-,-,-,-,-,-,-,-,-,-,-,-,-,-,-,-,-,-,-,-,-,-
1729486466.245910,IntersectionApproaching,1729486466.134693,1729486466.205679,0,-,0,1,0,1,0,-,-,-,-,-,-,1,0,0,false,50.484932,53.262566,-,0,-,-,-,-,-,-,-,-,-,-,-,-,-,-,-,-,-,-,-,-,-,-
1729486466.279523,IntersectionApproaching,1729486466.134693,1729486466.205679,0,-,0,1,0,1,0,-,-,-,-,-,-,1,0,0,false,50.484932,53.262566,-,0,-,-,-,-,-,-,-,-,-,-,-,-,-,-,-,-,-,-,-,-,-,-
1729486466.312721,IntersectionApproaching,1729486466.199321,1729486466.273705,0,-,0,1,0,1,0,-,-,-,-,-,-,1,0,0,false,49.189075,51.965183,-,0,-,-,-,-,-,-,-,-,-,-,-,-,-,-,-,-,-,-,-,-,-,-
1729486466.346286,IntersectionApproaching,1729486466.199321,1729486466.273705,0,-,0,1,0,1,0,-,-,-,-,-,-,1,0,0,false,49.189075,51.965183,-,0,-,-,-,-,-,-,-,-,-,-,-,-,-,-,-,-,-,-,-,-,-,-
1729486466.380066,IntersectionApproaching,1729486466.267067,1729486466.342737,0,-,0,1,0,1,0,-,-,-,-,-,-,1,0,0,false,48.896564,51.673611,-,0,-,-,-,-,-,-,-,-,-,-,-,-,-,-,-,-,-,-,-,-,-,-
1729486466.413454,IntersectionApproaching,1729486466.267067,1729486466.342737,0,-,0,1,0,1,0,-,-,-,-,-,-,1,0,0,false,48.896564,51.673611,-,0,-,-,-,-,-,-,-,-,-,-,-,-,-,-,-,-,-,-,-,-,-,-
1729486466.446907,IntersectionApproaching,1729486466.267067,1729486466.342737,0,-,0,1,0,1,0,-,-,-,-,-,-,1,0,0,false,48.896564,51.673611,-,0,-,-,-,-,-,-,-,-,-,-,-,-,-,-,-,-,-,-,-,-,-,-
1729486466.480751,IntersectionApproaching,1729486466.337261,1729486466.408627,0,-,0,1,0,1,0,-,-,-,-,-,-,1,0,0,false,48.605991,51.383869,-,0,-,-,-,-,-,-,-,-,-,-,-,-,-,-,-,-,-,-,-,-,-,-
1729486466.513680,IntersectionApproaching,1729486466.403476,1729486466.478706,0,-,0,1,0,1,0,-,-,-,-,-,-,1,0,0,false,47.310478,50.086815,-,0,-,-,-,-,-,-,-,-,-,-,-,-,-,-,-,-,-,-,-,-,-,-
1729486466.547443,IntersectionApproaching,1729486466.403476,1729486466.478706,0,-,0,1,0,1,0,-,-,-,-,-,-,1,0,0,false,47.310478,50.086815,-,0,-,-,-,-,-,-,-,-,-,-,-,-,-,-,-,-,-,-,-,-,-,-
1729486466.580627,IntersectionApproaching,1729486466.403476,1729486466.539521,0,-,0,1,0,1,0,-,-,-,-,-,-,1,0,0,false,47.017757,49.795033,-,0,-,-,-,-,-,-,-,-,-,-,-,-,-,-,-,-,-,-,-,-,-,-
1729486466.613924,IntersectionApproaching,1729486466.472905,1729486466.539521,0,-,0,1,0,1,0,-,-,-,-,-,-,1,0,0,false,47.017757,49.795033,-,0,-,-,-,-,-,-,-,-,-,-,-,-,-,-,-,-,-,-,-,-,-,-
1729486466.647365,IntersectionApproaching,1729486466.472905,1729486466.607595,0,-,0,1,0,1,0,-,-,-,-,-,-,1,0,0,false,46.727055,49.505112,-,0,-,-,-,-,-,-,-,-,-,-,-,-,-,-,-,-,-,-,-,-,-,-
1729486466.680858,IntersectionApproaching,1729486466.534006,1729486466.607595,0,-,0,1,0,1,0,-,-,-,-,-,-,1,0,0,false,46.727055,49.505112,-,0,-,-,-,-,-,-,-,-,-,-,-,-,-,-,-,-,-,-,-,-,-,-
1729486466.714306,IntersectionApproaching,1729486466.534006,1729486466.672586,0,-,0,1,0,1,0,-,-,-,-,-,-,1,0,0,false,45.431915,48.208397,-,0,-,-,-,-,-,-,-,-,-,-,-,-,-,-,-,-,-,-,-,-,-,-
1729486466.747643,IntersectionApproaching,1729486466.599919,1729486466.672586,0,-,0,1,0,1,0,-,-,-,-,-,-,1,0,0,false,45.431915,48.208397,-,0,-,-,-,-,-,-,-,-,-,-,-,-,-,-,-,-,-,-,-,-,-,-
1729486466.781038,IntersectionApproaching,1729486466.666854,1729486466.740281,0,-,0,1,0,1,0,-,-,-,-,-,-,1,0,0,false,45.138966,47.916397,-,0,-,-,-,-,-,-,-,-,-,-,-,-,-,-,-,-,-,-,-,-,-,-
1729486466.814400,IntersectionApproaching,1729486466.666854,1729486466.740281,0,-,0,1,0,1,0,-,-,-,-,-,-,1,0,0,false,45.138966,47.916397,-,0,-,-,-,-,-,-,-,-,-,-,-,-,-,-,-,-,-,-,-,-,-,-
1729486466.847882,IntersectionApproaching,1729486466.734918,1729486466.803537,0,-,0,1,0,1,0,-,-,-,-,-,-,1,0,0,false,44.848118,47.626354,-,0,-,-,-,-,-,-,-,-,-,-,-,-,-,-,-,-,-,-,-,-,-,-
1729486466.881420,IntersectionApproaching,1729486466.734918,1729486466.803537,0,-,0,1,0,1,0,-,-,-,-,-,-,1,0,0,false,44.848118,47.626354,-,0,-,-,-,-,-,-,-,-,-,-,-,-,-,-,-,-,-,-,-,-,-,-
1729486466.914620,IntersectionApproaching,1729486466.734918,1729486466.871258,0,-,0,1,0,1,0,-,-,-,-,-,-,1,0,0,false,43.553383,46.330051,-,0,-,-,-,-,-,-,-,-,-,-,-,-,-,-,-,-,-,-,-,-,-,-
1729486466.948035,IntersectionApproaching,1729486466.798406,1729486466.871258,0,-,0,1,0,1,0,-,-,-,-,-,-,1,0,0,false,43.553383,46.330051,-,0,-,-,-,-,-,-,-,-,-,-,-,-,-,-,-,-,-,-,-,-,-,-
1729486466.981400,IntersectionApproaching,1729486466.798406,1729486466.940813,0,-,0,1,0,1,0,-,-,-,-,-,-,1,0,0,false,43.260193,46.037804,-,0,-,-,-,-,-,-,-,-,-,-,-,-,-,-,-,-,-,-,-,-,-,-
1729486467.015015,IntersectionApproaching,1729486466.866138,1729486466.940813,0,-,0,1,0,1,0,-,-,-,-,-,-,1,0,0,false,43.260193,46.037804,-,0,-,-,-,-,-,-,-,-,-,-,-,-,-,-,-,-,-,-,-,-,-,-
1729486467.048198,IntersectionApproaching,1729486466.866138,1729486466.940813,0,-,0,1,0,1,0,-,-,-,-,-,-,1,0,0,false,43.260193,46.037804,-,0,-,-,-,-,-,-,-,-,-,-,-,-,-,-,-,-,-,-,-,-,-,-
1729486467.081576,IntersectionApproaching,1729486466.935311,1729486467.008693,0,-,0,1,0,1,0,-,-,-,-,-,-,1,0,0,false,41.970585,44.746269,-,0,-,-,-,-,-,-,-,-,-,-,-,-,-,-,-,-,-,-,-,-,-,-
1729486467.115066,IntersectionApproaching,1729486466.935311,1729486467.071940,0,-,0,1,0,1,0,-,-,-,-,-,-,1,0,0,false,41.674892,44.451653,-,0,-,-,-,-,-,-,-,-,-,-,-,-,-,-,-,-,-,-,-,-,-,-
1729486467.148448,IntersectionApproaching,1729486467.002944,1729486467.071940,0,-,0,1,0,1,0,-,-,-,-,-,-,1,0,0,false,41.674892,44.451653,-,0,-,-,-,-,-,-,-,-,-,-,-,-,-,-,-,-,-,-,-,-,-,-
1729486467.181765,IntersectionApproaching,1729486467.002944,1729486467.146344,0,-,0,1,0,1,0,-,-,-,-,-,-,1,0,0,false,41.381443,44.159142,-,0,-,-,-,-,-,-,-,-,-,-,-,-,-,-,-,-,-,-,-,-,-,-
1729486467.215130,IntersectionApproaching,1729486467.065469,1729486467.146344,0,-,0,1,0,1,0,-,-,-,-,-,-,1,0,0,false,41.381443,44.159142,-,0,-,-,-,-,-,-,-,-,-,-,-,-,-,-,-,-,-,-,-,-,-,-
1729486467.248521,IntersectionApproaching,1729486467.140132,1729486467.206943,0,-,0,1,0,1,0,-,-,-,-,-,-,1,0,0,false,40.092533,42.868210,-,0,-,-,-,-,-,-,-,-,-,-,-,-,-,-,-,-,-,-,-,-,-,-
1729486467.282036,IntersectionApproaching,1729486467.140132,1729486467.206943,0,-,0,1,0,1,0,-,-,-,-,-,-,1,0,0,false,40.092533,42.868210,-,0,-,-,-,-,-,-,-,-,-,-,-,-,-,-,-,-,-,-,-,-,-,-
1729486467.315285,IntersectionApproaching,1729486467.201604,1729486467.274670,0,-,0,1,0,1,0,-,-,-,-,-,-,1,0,0,false,39.796452,42.573246,-,0,-,-,-,-,-,-,-,-,-,-,-,-,-,-,-,-,-,-,-,-,-,-
1729486467.348855,IntersectionApproaching,1729486467.201604,1729486467.274670,0,-,0,1,0,1,0,-,-,-,-,-,-,1,0,0,false,39.796452,42.573246,-,0,-,-,-,-,-,-,-,-,-,-,-,-,-,-,-,-,-,-,-,-,-,-
1729486467.382092,IntersectionApproaching,1729486467.269680,1729486467.344924,0,-,0,1,0,1,0,-,-,-,-,-,-,1,0,0,false,39.502708,42.280441,-,0,-,-,-,-,-,-,-,-,-,-,-,-,-,-,-,-,-,-,-,-,-,-
1729486467.415626,IntersectionApproaching,1729486467.269680,1729486467.344924,0,-,0,1,0,1,0,-,-,-,-,-,-,1,0,0,false,39.502708,42.280441,-,0,-,-,-,-,-,-,-,-,-,-,-,-,-,-,-,-,-,-,-,-,-,-
1729486467.448991,IntersectionApproaching,1729486467.339704,1729486467.407949,0,-,0,1,0,1,0,-,-,-,-,-,-,1,0,0,false,38.214577,40.990223,-,0,-,-,-,-,-,-,-,-,-,-,-,-,-,-,-,-,-,-,-,-,-,-
1729486467.482292,IntersectionApproaching,1729486467.339704,1729486467.407949,0,-,0,1,0,1,0,-,-,-,-,-,-,1,0,0,false,38.214577,40.990223,-,0,-,-,-,-,-,-,-,-,-,-,-,-,-,-,-,-,-,-,-,-,-,-
1729486467.515765,IntersectionApproaching,1729486467.339704,1729486467.473491,0,-,0,1,0,1,0,-,-,-,-,-,-,1,0,0,false,37.918068,40.694904,-,0,-,-,-,-,-,-,-,-,-,-,-,-,-,-,-,-,-,-,-,-,-,-
1729486467.549398,IntersectionApproaching,1729486467.401533,1729486467.473491,0,-,0,1,0,1,0,-,-,-,-,-,-,1,0,0,false,37.918068,40.694904,-,0,-,-,-,-,-,-,-,-,-,-,-,-,-,-,-,-,-,-,-,-,-,-
1729486467.582556,IntersectionApproaching,1729486467.401533,1729486467.473491,0,-,0,1,0,1,0,-,-,-,-,-,-,1,0,0,false,37.918068,40.694904,-,0,-,-,-,-,-,-,-,-,-,-,-,-,-,-,-,-,-,-,-,-,-,-
1729486467.615936,IntersectionApproaching,1729486467.467780,1729486467.544094,0,-,0,1,0,1,0,-,-,-,-,-,-,1,0,0,false,36.636208,39.410419,-,0,-,-,-,-,-,-,-,-,-,-,-,-,-,-,-,-,-,-,-,-,-,-
1729486467.649432,IntersectionApproaching,1729486467.467780,1729486467.607209,0,-,0,1,0,1,0,-,-,-,-,-,-,1,0,0,false,36.336723,39.112347,-,0,-,-,-,-,-,-,-,-,-,-,-,-,-,-,-,-,-,-,-,-,-,-
1729486467.682659,IntersectionApproaching,1729486467.538257,1729486467.607209,0,-,0,1,0,1,0,-,-,-,-,-,-,1,0,0,false,36.336723,39.112347,-,0,-,-,-,-,-,-,-,-,-,-,-,-,-,-,-,-,-,-,-,-,-,-
1729486467.716105,IntersectionApproaching,1729486467.601357,1729486467.676851,0,-,0,1,0,1,0,-,-,-,-,-,-,1,0,0,false,36.039745,38.816616,-,0,-,-,-,-,-,-,-,-,-,-,-,-,-,-,-,-,-,-,-,-,-,-
1729486467.749555,IntersectionApproaching,1729486467.601357,1729486467.676851,0,-,0,1,0,1,0,-,-,-,-,-,-,1,0,0,false,36.039745,38.816616,-,0,-,-,-,-,-,-,-,-,-,-,-,-,-,-,-,-,-,-,-,-,-,-
1729486467.782892,IntersectionApproaching,1729486467.671683,1729486467.742954,0,-,0,1,0,1,0,-,-,-,-,-,-,1,0,0,false,34.759129,37.533264,-,0,-,-,-,-,-,-,-,-,-,-,-,-,-,-,-,-,-,-,-,-,-,-
1729486467.816270,IntersectionApproaching,1729486467.671683,1729486467.742954,0,-,0,1,0,1,0,-,-,-,-,-,-,1,0,0,false,34.759129,37.533264,-,0,-,-,-,-,-,-,-,-,-,-,-,-,-,-,-,-,-,-,-,-,-,-
1729486467.849654,IntersectionApproaching,1729486467.737349,1729486467.808570,0,-,0,1,0,1,0,-,-,-,-,-,-,1,0,0,false,34.458996,37.234577,-,0,-,-,-,-,-,-,-,-,-,-,-,-,-,-,-,-,-,-,-,-,-,-
1729486467.883148,IntersectionApproaching,1729486467.737349,1729486467.808570,0,-,0,1,0,1,0,-,-,-,-,-,-,1,0,0,false,34.458996,37.234577,-,0,-,-,-,-,-,-,-,-,-,-,-,-,-,-,-,-,-,-,-,-,-,-
1729486467.916406,IntersectionApproaching,1729486467.803198,1729486467.876590,0,-,0,1,0,1,0,-,-,-,-,-,-,1,0,0,false,34.161499,36.938404,-,0,-,-,-,-,-,-,-,-,-,-,-,-,-,-,-,-,-,-,-,-,-,-
1729486467.949865,IntersectionApproaching,1729486467.803198,1729486467.876590,0,-,0,1,0,1,0,-,-,-,-,-,-,1,0,0,false,34.161499,36.938404,-,0,-,-,-,-,-,-,-,-,-,-,-,-,-,-,-,-,-,-,-,-,-,-
1729486467.983215,IntersectionApproaching,1729486467.870958,1729486467.941085,0,-,0,1,0,1,0,-,-,-,-,-,-,1,0,0,false,32.882271,35.656231,-,0,-,-,-,-,-,-,-,-,-,-,-,-,-,-,-,-,-,-,-,-,-,-
1729486468.016618,IntersectionApproaching,1729486467.870958,1729486467.941085,0,-,0,1,0,1,0,-,-,-,-,-,-,1,0,0,false,32.882271,35.656231,-,0,-,-,-,-,-,-,-,-,-,-,-,-,-,-,-,-,-,-,-,-,-,-
1729486468.050136,IntersectionApproaching,1729486467.935750,1729486468.005880,0,-,0,1,0,1,0,-,-,-,-,-,-,1,0,0,false,32.581417,35.356926,-,0,-,-,-,-,-,-,-,-,-,-,-,-,-,-,-,-,-,-,-,-,-,-
1729486468.083508,IntersectionApproaching,1729486467.935750,1729486468.005880,0,-,0,1,0,1,0,-,-,-,-,-,-,1,0,0,false,32.581417,35.356926,-,0,-,-,-,-,-,-,-,-,-,-,-,-,-,-,-,-,-,-,-,-,-,-
1729486468.116863,IntersectionApproaching,1729486468.001023,1729486468.070656,0,-,0,1,0,1,0,-,-,-,-,-,-,1,0,0,false,32.283333,35.060200,-,0,-,-,-,-,-,-,-,-,-,-,-,-,-,-,-,-,-,-,-,-,-,-
1729486468.150368,IntersectionApproaching,1729486468.001023,1729486468.070656,0,-,0,1,0,1,0,-,-,-,-,-,-,1,0,0,false,32.283333,35.060200,-,0,-,-,-,-,-,-,-,-,-,-,-,-,-,-,-,-,-,-,-,-,-,-
1729486468.183708,IntersectionApproaching,1729486468.065022,1729486468.135725,0,-,0,1,0,1,0,-,-,-,-,-,-,1,0,0,false,31.005671,33.779339,-,0,-,-,-,-,-,-,-,-,-,-,-,-,-,-,-,-,-,-,-,-,-,-
1729486468.217219,IntersectionApproaching,1729486468.065022,1729486468.135725,0,-,0,1,0,1,0,-,-,-,-,-,-,1,0,0,false,31.005671,33.779339,-,0,-,-,-,-,-,-,-,-,-,-,-,-,-,-,-,-,-,-,-,-,-,-
1729486468.250511,IntersectionApproaching,1729486468.130550,1729486468.203684,0,-,0,1,0,1,0,-,-,-,-,-,-,1,0,0,false,30.704008,33.479340,-,0,-,-,-,-,-,-,-,-,-,-,-,-,-,-,-,-,-,-,-,-,-,-
1729486468.283908,IntersectionApproaching,1729486468.130550,1729486468.203684,0,-,0,1,0,1,0,-,-,-,-,-,-,1,0,0,false,30.704008,33.479340,-,0,-,-,-,-,-,-,-,-,-,-,-,-,-,-,-,-,-,-,-,-,-,-
1729486468.317300,IntersectionApproaching,1729486468.198013,1729486468.276183,0,-,0,1,0,1,0,-,-,-,-,-,-,1,0,0,false,30.405273,33.182018,-,0,-,-,-,-,-,-,-,-,-,-,-,-,-,-,-,-,-,-,-,-,-,-
1729486468.351192,IntersectionApproaching,1729486468.198013,1729486468.276183,0,-,0,1,0,1,0,-,-,-,-,-,-,1,0,0,false,30.405273,33.182018,-,0,-,-,-,-,-,-,-,-,-,-,-,-,-,-,-,-,-,-,-,-,-,-
1729486468.384103,IntersectionApproaching,1729486468.270460,1729486468.276183,0,-,0,1,0,1,0,-,-,-,-,-,-,1,0,0,false,30.405273,33.182018,-,0,-,-,-,-,-,-,-,-,-,-,-,-,-,-,-,-,-,-,-,-,-,-
1729486468.417552,IntersectionApproaching,1729486468.270460,1729486468.344422,0,-,0,1,0,1,0,-,-,-,-,-,-,1,0,0,false,29.129379,31.902529,-,0,-,-,-,-,-,-,-,-,-,-,-,-,-,-,-,-,-,-,-,-,-,-
1729486468.451091,IntersectionApproaching,1729486468.338525,1729486468.406048,0,-,0,1,0,1,0,-,-,-,-,-,-,1,0,0,false,28.826805,31.601740,-,0,-,-,-,-,-,-,-,-,-,-,-,-,-,-,-,-,-,-,-,-,-,-
1729486468.484488,IntersectionApproaching,1729486468.338525,1729486468.406048,0,-,0,1,0,1,0,-,-,-,-,-,-,1,0,0,false,28.826805,31.601740,-,0,-,-,-,-,-,-,-,-,-,-,-,-,-,-,-,-,-,-,-,-,-,-
1729486468.517884,IntersectionApproaching,1729486468.400814,1729486468.473577,0,-,0,1,0,1,0,-,-,-,-,-,-,1,0,0,false,28.826805,31.601717,-,0,-,-,-,-,-,-,-,-,-,-,-,-,-,-,-,-,-,-,-,-,-,-
1729486468.551354,IntersectionApproaching,1729486468.400814,1729486468.473577,0,-,0,1,0,1,0,-,-,-,-,-,-,1,0,0,false,28.826805,31.601717,-,0,-,-,-,-,-,-,-,-,-,-,-,-,-,-,-,-,-,-,-,-,-,-
1729486468.584685,IntersectionApproaching,1729486468.467918,1729486468.538513,0,-,0,1,0,1,0,-,-,-,-,-,-,1,0,0,false,27.253460,30.025799,-,0,-,-,-,-,-,-,-,-,-,-,-,-,-,-,-,-,-,-,-,-,-,-
1729486468.618175,IntersectionApproaching,1729486468.467918,1729486468.538513,0,-,0,1,0,1,0,-,-,-,-,-,-,1,0,0,false,27.253460,30.025799,-,0,-,-,-,-,-,-,-,-,-,-,-,-,-,-,-,-,-,-,-,-,-,-
1729486468.651567,IntersectionApproaching,1729486468.467918,1729486468.607882,0,-,0,1,0,1,0,-,-,-,-,-,-,1,0,0,false,27.253458,30.025742,-,0,-,-,-,-,-,-,-,-,-,-,-,-,-,-,-,-,-,-,-,-,-,-
1729486468.685061,IntersectionApproaching,1729486468.533029,1729486468.607882,0,-,0,1,0,1,0,-,-,-,-,-,-,1,0,0,false,27.253458,30.025742,-,0,-,-,-,-,-,-,-,-,-,-,-,-,-,-,-,-,-,-,-,-,-,-
1729486468.718277,IntersectionApproaching,1729486468.602035,1729486468.676227,0,-,0,1,0,1,0,-,-,-,-,-,-,1,0,0,false,26.949856,29.724127,-,0,-,-,-,-,-,-,-,-,-,-,-,-,-,-,-,-,-,-,-,-,-,-
1729486468.751685,IntersectionApproaching,1729486468.602035,1729486468.676227,0,-,0,1,0,1,0,-,-,-,-,-,-,1,0,0,false,26.949856,29.724127,-,0,-,-,-,-,-,-,-,-,-,-,-,-,-,-,-,-,-,-,-,-,-,-
1729486468.785168,IntersectionApproaching,1729486468.670802,1729486468.676227,0,-,0,1,0,1,0,-,-,-,-,-,-,1,0,0,false,26.949856,29.724127,-,0,-,-,-,-,-,-,-,-,-,-,-,-,-,-,-,-,-,-,-,-,-,-
1729486468.818564,IntersectionApproaching,1729486468.670802,1729486468.742602,0,-,0,1,0,1,0,-,-,-,-,-,-,1,0,0,false,25.686165,28.454987,-,0,-,-,-,-,-,-,-,-,-,-,-,-,-,-,-,-,-,-,-,-,-,-
1729486468.851867,IntersectionApproaching,1729486468.670802,1729486468.742602,0,-,0,1,0,1,0,-,-,-,-,-,-,1,0,0,false,25.686165,28.454987,-,0,-,-,-,-,-,-,-,-,-,-,-,-,-,-,-,-,-,-,-,-,-,-
1729486468.885304,IntersectionApproaching,1729486468.737602,1729486468.805901,0,-,0,1,0,1,0,-,-,-,-,-,-,1,0,0,false,25.377993,28.149294,-,0,-,-,-,-,-,-,-,-,-,-,-,-,-,-,-,-,-,-,-,-,-,-
1729486468.918679,IntersectionApproaching,1729486468.737602,1729486468.805901,0,-,0,1,0,1,0,-,-,-,-,-,-,1,0,0,false,25.377993,28.149294,-,0,-,-,-,-,-,-,-,-,-,-,-,-,-,-,-,-,-,-,-,-,-,-
1729486468.952043,IntersectionApproaching,1729486468.800802,1729486468.875242,0,-,0,1,0,1,0,-,-,-,-,-,-,1,0,0,false,25.377993,28.149248,-,0,-,-,-,-,-,-,-,-,-,-,-,-,-,-,-,-,-,-,-,-,-,-
1729486468.985545,IntersectionApproaching,1729486468.800802,1729486468.939123,0,-,0,1,0,1,0,-,-,-,-,-,-,1,0,0,false,25.073208,27.846724,-,0,-,-,-,-,-,-,-,-,-,-,-,-,-,-,-,-,-,-,-,-,-,-
1729486469.019006,IntersectionApproaching,1729486468.868957,1729486468.939123,0,-,0,1,0,1,0,-,-,-,-,-,-,1,0,0,false,25.073208,27.846724,-,0,-,-,-,-,-,-,-,-,-,-,-,-,-,-,-,-,-,-,-,-,-,-
1729486469.052293,IntersectionApproaching,1729486468.932876,1729486469.010448,0,-,0,1,0,1,0,-,-,-,-,-,-,1,0,0,false,23.812859,26.580099,-,0,-,-,-,-,-,-,-,-,-,-,-,-,-,-,-,-,-,-,-,-,-,-
1729486469.086083,IntersectionApproaching,1729486468.932876,1729486469.010448,0,-,0,1,0,1,0,-,-,-,-,-,-,1,0,0,false,23.812859,26.580099,-,0,-,-,-,-,-,-,-,-,-,-,-,-,-,-,-,-,-,-,-,-,-,-
1729486469.119081,IntersectionApproaching,1729486469.005061,1729486469.074678,0,-,0,1,0,1,0,-,-,-,-,-,-,1,0,0,false,23.503090,26.273182,-,0,-,-,-,-,-,-,-,-,-,-,-,-,-,-,-,-,-,-,-,-,-,-
1729486469.152693,IntersectionApproaching,1729486469.005061,1729486469.074678,0,-,0,1,0,1,0,-,-,-,-,-,-,1,0,0,false,23.503090,26.273182,-,0,-,-,-,-,-,-,-,-,-,-,-,-,-,-,-,-,-,-,-,-,-,-
1729486469.185812,IntersectionApproaching,1729486469.070122,1729486469.143646,0,-,0,1,0,1,0,-,-,-,-,-,-,1,0,0,false,23.503092,26.273090,-,0,-,-,-,-,-,-,-,-,-,-,-,-,-,-,-,-,-,-,-,-,-,-
1729486469.219479,IntersectionApproaching,1729486469.070122,1729486469.143646,0,-,0,1,0,1,0,-,-,-,-,-,-,1,0,0,false,23.503092,26.273090,-,0,-,-,-,-,-,-,-,-,-,-,-,-,-,-,-,-,-,-,-,-,-,-
1729486469.252548,IntersectionApproaching,1729486469.138171,1729486469.143646,0,-,0,1,0,1,0,-,-,-,-,-,-,1,0,0,false,23.503092,26.273090,-,0,-,-,-,-,-,-,-,-,-,-,-,-,-,-,-,-,-,-,-,-,-,-
1729486469.285978,IntersectionApproaching,1729486469.138171,1729486469.210757,0,-,0,1,0,1,0,-,-,-,-,-,-,1,0,0,false,23.196939,25.969444,-,0,-,-,-,-,-,-,-,-,-,-,-,-,-,-,-,-,-,-,-,-,-,-
1729486469.319658,IntersectionApproaching,1729486469.138171,1729486469.271937,0,-,0,1,0,1,0,-,-,-,-,-,-,1,0,0,false,21.940525,24.705633,-,0,-,-,-,-,-,-,-,-,-,-,-,-,-,-,-,-,-,-,-,-,-,-
1729486469.352808,IntersectionApproaching,1729486469.205261,1729486469.271937,0,-,0,1,0,1,0,-,-,-,-,-,-,1,0,0,false,21.940525,24.705633,-,0,-,-,-,-,-,-,-,-,-,-,-,-,-,-,-,-,-,-,-,-,-,-
1729486469.386249,IntersectionApproaching,1729486469.266280,1729486469.341891,0,-,0,1,0,1,0,-,-,-,-,-,-,1,0,0,false,21.940525,24.705486,-,0,-,-,-,-,-,-,-,-,-,-,-,-,-,-,-,-,-,-,-,-,-,-
1729486469.419658,IntersectionApproaching,1729486469.266280,1729486469.341891,0,-,0,1,0,1,0,-,-,-,-,-,-,1,0,0,false,21.940525,24.705486,-,0,-,-,-,-,-,-,-,-,-,-,-,-,-,-,-,-,-,-,-,-,-,-
1729486469.452966,IntersectionApproaching,1729486469.266280,1729486469.341891,0,-,0,1,0,1,0,-,-,-,-,-,-,1,0,0,false,21.940525,24.705486,-,0,-,-,-,-,-,-,-,-,-,-,-,-,-,-,-,-,-,-,-,-,-,-
1729486469.486429,IntersectionApproaching,1729486469.335987,1729486469.403777,0,-,0,1,0,1,0,-,-,-,-,-,-,1,0,0,false,21.628897,24.397148,-,0,-,-,-,-,-,-,-,-,-,-,-,-,-,-,-,-,-,-,-,-,-,-
1729486469.519860,IntersectionApproaching,1729486469.335987,1729486469.403777,0,-,0,1,0,1,0,-,-,-,-,-,-,1,0,0,false,21.628897,24.397148,-,0,-,-,-,-,-,-,-,-,-,-,-,-,-,-,-,-,-,-,-,-,-,-
1729486469.553133,IntersectionApproaching,1729486469.397310,1729486469.476564,0,-,0,1,0,1,0,-,-,-,-,-,-,1,0,0,false,21.321154,24.092352,-,0,-,-,-,-,-,-,-,-,-,-,-,-,-,-,-,-,-,-,-,-,-,-
1729486469.586733,IntersectionApproaching,1729486469.397310,1729486469.540602,0,-,0,1,0,1,0,-,-,-,-,-,-,1,0,0,false,20.387251,23.145401,-,0,-,-,-,-,-,-,-,-,-,-,-,-,-,-,-,-,-,-,-,-,-,-
1729486469.620148,IntersectionApproaching,1729486469.468811,1729486469.540602,0,-,0,1,0,1,0,-,-,-,-,-,-,1,0,0,false,20.387251,23.145401,-,0,-,-,-,-,-,-,-,-,-,-,-,-,-,-,-,-,-,-,-,-,-,-
1729486469.653465,IntersectionApproaching,1729486469.534518,1729486469.608126,0,-,0,1,0,1,0,-,-,-,-,-,-,1,0,0,false,20.069435,22.831799,-,0,-,-,-,-,-,-,-,-,-,-,-,-,-,-,-,-,-,-,-,-,-,-
1729486469.686881,IntersectionApproaching,1729486469.534518,1729486469.608126,0,-,0,1,0,1,0,-,-,-,-,-,-,1,0,0,false,20.069435,22.831799,-,0,-,-,-,-,-,-,-,-,-,-,-,-,-,-,-,-,-,-,-,-,-,-
1729486469.720259,IntersectionApproaching,1729486469.602430,1729486469.676098,0,-,0,1,0,1,0,-,-,-,-,-,-,1,0,0,false,20.069433,22.831701,-,0,-,-,-,-,-,-,-,-,-,-,-,-,-,-,-,-,-,-,-,-,-,-
1729486469.753656,IntersectionApproaching,1729486469.602430,1729486469.676098,0,-,0,1,0,1,0,-,-,-,-,-,-,1,0,0,false,20.069433,22.831701,-,0,-,-,-,-,-,-,-,-,-,-,-,-,-,-,-,-,-,-,-,-,-,-
1729486469.787134,IntersectionApproaching,1729486469.602430,1729486469.737850,0,-,0,1,0,1,0,-,-,-,-,-,-,1,0,0,false,15.965826,18.744562,-,0,-,-,-,-,-,-,-,-,-,-,-,-,-,-,-,-,-,-,-,-,-,-
1729486469.820431,IntersectionApproaching,1729486469.670903,1729486469.737850,0,-,0,1,0,1,0,-,-,-,-,-,-,1,0,0,false,15.965826,18.744562,-,0,-,-,-,-,-,-,-,-,-,-,-,-,-,-,-,-,-,-,-,-,-,-
1729486469.853992,IntersectionApproaching,1729486469.732283,1729486469.808098,0,-,0,1,0,1,0,-,-,-,-,-,-,1,0,0,false,15.565651,18.344326,-,0,-,-,-,-,-,-,-,-,-,-,-,-,-,-,-,-,-,-,-,-,-,-
1729486469.887296,IntersectionApproaching,1729486469.732283,1729486469.808098,0,-,0,1,0,1,0,-,-,-,-,-,-,1,0,0,false,15.565651,18.344326,-,0,-,-,-,-,-,-,-,-,-,-,-,-,-,-,-,-,-,-,-,-,-,-
1729486469.920647,IntersectionApproaching,1729486469.802492,1729486469.873633,0,-,0,1,0,1,0,-,-,-,-,-,-,1,0,0,false,15.280994,18.059633,-,0,-,-,-,-,-,-,-,-,-,-,-,-,-,-,-,-,-,-,-,-,-,-
1729486469.954034,IntersectionApproaching,1729486469.802492,1729486469.873633,0,-,0,1,0,1,0,-,-,-,-,-,-,1,0,0,false,15.280994,18.059633,-,0,-,-,-,-,-,-,-,-,-,-,-,-,-,-,-,-,-,-,-,-,-,-
1729486469.987420,IntersectionApproaching,1729486469.869062,1729486469.941720,0,-,0,1,0,1,0,-,-,-,-,-,-,1,0,0,false,14.945617,17.724211,-,0,-,-,-,-,-,-,-,-,-,-,-,-,-,-,-,-,-,-,-,-,-,-
1729486470.020845,IntersectionApproaching,1729486469.869062,1729486469.941720,0,-,0,1,0,1,0,-,-,-,-,-,-,1,0,0,false,14.945617,17.724211,-,0,-,-,-,-,-,-,-,-,-,-,-,-,-,-,-,-,-,-,-,-,-,-
1729486470.054225,IntersectionApproaching,1729486469.936164,1729486470.006134,0,-,0,1,0,1,0,-,-,-,-,-,-,1,0,0,false,14.668481,17.447029,-,0,-,-,-,-,-,-,-,-,-,-,-,-,-,-,-,-,-,-,-,-,-,-
1729486470.087663,IntersectionApproaching,1729486469.936164,1729486470.006134,0,-,0,1,0,1,0,-,-,-,-,-,-,1,0,0,false,14.668481,17.447029,-,0,-,-,-,-,-,-,-,-,-,-,-,-,-,-,-,-,-,-,-,-,-,-
1729486470.120951,IntersectionApproaching,1729486469.999864,1729486470.075085,0,-,0,1,0,1,0,-,-,-,-,-,-,1,0,0,false,14.369081,17.147575,-,0,-,-,-,-,-,-,-,-,-,-,-,-,-,-,-,-,-,-,-,-,-,-
1729486470.154373,IntersectionApproaching,1729486469.999864,1729486470.075085,0,-,0,1,0,1,0,-,-,-,-,-,-,1,0,0,false,14.369081,17.147575,-,0,-,-,-,-,-,-,-,-,-,-,-,-,-,-,-,-,-,-,-,-,-,-
1729486470.187768,IntersectionApproaching,1729486470.069896,1729486470.139672,0,-,0,1,0,1,0,-,-,-,-,-,-,1,0,0,false,14.121928,16.900375,-,0,-,-,-,-,-,-,-,-,-,-,-,-,-,-,-,-,-,-,-,-,-,-
1729486470.221157,IntersectionApproaching,1729486470.069896,1729486470.139672,0,-,0,1,0,1,0,-,-,-,-,-,-,1,0,0,false,14.121928,16.900375,-,0,-,-,-,-,-,-,-,-,-,-,-,-,-,-,-,-,-,-,-,-,-,-
1729486470.254582,IntersectionApproaching,1729486470.134198,1729486470.204743,0,-,0,1,0,1,0,-,-,-,-,-,-,1,0,0,false,13.936195,16.714607,-,0,-,-,-,-,-,-,-,-,-,-,-,-,-,-,-,-,-,-,-,-,-,-
1729486470.288006,IntersectionApproaching,1729486470.134198,1729486470.204743,0,-,0,1,0,1,0,-,-,-,-,-,-,1,0,0,false,13.936195,16.714607,-,0,-,-,-,-,-,-,-,-,-,-,-,-,-,-,-,-,-,-,-,-,-,-
1729486470.321333,IntersectionApproaching,1729486470.198426,1729486470.274290,0,-,0,1,0,1,0,-,-,-,-,-,-,1,0,0,false,13.712004,16.490364,-,0,-,-,-,-,-,-,-,-,-,-,-,-,-,-,-,-,-,-,-,-,-,-
1729486470.354727,IntersectionApproaching,1729486470.198426,1729486470.274290,0,-,0,1,0,1,0,-,-,-,-,-,-,1,0,0,false,13.712004,16.490364,-,0,-,-,-,-,-,-,-,-,-,-,-,-,-,-,-,-,-,-,-,-,-,-
1729486470.388078,IntersectionApproaching,1729486470.268168,1729486470.341037,0,-,0,1,0,1,0,-,-,-,-,-,-,1,0,0,false,13.479971,16.258284,-,0,-,-,-,-,-,-,-,-,-,-,-,-,-,-,-,-,-,-,-,-,-,-
1729486470.421549,IntersectionApproaching,1729486470.268168,1729486470.341037,0,-,0,1,0,1,0,-,-,-,-,-,-,1,0,0,false,13.479971,16.258284,-,0,-,-,-,-,-,-,-,-,-,-,-,-,-,-,-,-,-,-,-,-,-,-
1729486470.454936,IntersectionApproaching,1729486470.335242,1729486470.406416,0,-,0,1,0,1,0,-,-,-,-,-,-,1,0,0,false,13.236858,16.015116,-,0,-,-,-,-,-,-,-,-,-,-,-,-,-,-,-,-,-,-,-,-,-,-
1729486470.488284,IntersectionApproaching,1729486470.335242,1729486470.406416,0,-,0,1,0,1,0,-,-,-,-,-,-,1,0,0,false,13.236858,16.015116,-,0,-,-,-,-,-,-,-,-,-,-,-,-,-,-,-,-,-,-,-,-,-,-
1729486470.521693,IntersectionApproaching,1729486470.399592,1729486470.470849,0,-,0,1,0,1,0,-,-,-,-,-,-,1,0,0,false,12.982551,15.760754,-,0,-,-,-,-,-,-,-,-,-,-,-,-,-,-,-,-,-,-,-,-,-,-
1729486470.555077,IntersectionApproaching,1729486470.399592,1729486470.470849,0,-,0,1,0,1,0,-,-,-,-,-,-,1,0,0,false,12.982551,15.760754,-,0,-,-,-,-,-,-,-,-,-,-,-,-,-,-,-,-,-,-,-,-,-,-
1729486470.588544,IntersectionApproaching,1729486470.399592,1729486470.540102,0,-,0,1,0,1,0,-,-,-,-,-,-,1,0,0,false,12.780293,15.558456,-,0,-,-,-,-,-,-,-,-,-,-,-,-,-,-,-,-,-,-,-,-,-,-
1729486470.621849,IntersectionApproaching,1729486470.464755,1729486470.540102,0,-,0,1,0,1,0,-,-,-,-,-,-,1,0,0,false,12.780293,15.558456,-,0,-,-,-,-,-,-,-,-,-,-,-,-,-,-,-,-,-,-,-,-,-,-
1729486470.655238,IntersectionApproaching,1729486470.533604,1729486470.606634,0,-,0,1,0,1,0,-,-,-,-,-,-,1,0,0,false,12.639385,15.417514,-,0,-,-,-,-,-,-,-,-,-,-,-,-,-,-,-,-,-,-,-,-,-,-
1729486470.688606,IntersectionApproaching,1729486470.533604,1729486470.606634,0,-,0,1,0,1,0,-,-,-,-,-,-,1,0,0,false,12.639385,15.417514,-,0,-,-,-,-,-,-,-,-,-,-,-,-,-,-,-,-,-,-,-,-,-,-
1729486470.721975,IntersectionApproaching,1729486470.599952,1729486470.675262,0,-,0,1,0,1,0,-,-,-,-,-,-,1,0,0,false,12.423043,15.201115,-,0,-,-,-,-,-,-,-,-,-,-,-,-,-,-,-,-,-,-,-,-,-,-
1729486470.755464,IntersectionApproaching,1729486470.599952,1729486470.675262,0,-,0,1,0,1,0,-,-,-,-,-,-,1,0,0,false,12.423043,15.201115,-,0,-,-,-,-,-,-,-,-,-,-,-,-,-,-,-,-,-,-,-,-,-,-
1729486470.788831,IntersectionApproaching,1729486470.669561,1729486470.737640,0,-,0,1,0,1,0,-,-,-,-,-,-,1,0,0,false,12.238589,15.016623,-,0,-,-,-,-,-,-,-,-,-,-,-,-,-,-,-,-,-,-,-,-,-,-
1729486470.822263,IntersectionApproaching,1729486470.669561,1729486470.737640,0,-,0,1,0,1,0,-,-,-,-,-,-,1,0,0,false,12.238589,15.016623,-,0,-,-,-,-,-,-,-,-,-,-,-,-,-,-,-,-,-,-,-,-,-,-
1729486470.855596,IntersectionApproaching,1729486470.732085,1729486470.810344,0,-,0,1,0,1,0,-,-,-,-,-,-,1,0,0,false,12.085342,14.863329,-,0,-,-,-,-,-,-,-,-,-,-,-,-,-,-,-,-,-,-,-,-,-,-
1729486470.888984,IntersectionApproaching,1729486470.732085,1729486470.810344,0,-,0,1,0,1,0,-,-,-,-,-,-,1,0,0,false,12.085342,14.863329,-,0,-,-,-,-,-,-,-,-,-,-,-,-,-,-,-,-,-,-,-,-,-,-
1729486470.922631,IntersectionApproaching,1729486470.802843,1729486470.876007,0,-,0,1,0,1,0,-,-,-,-,-,-,1,0,0,false,11.988652,14.766610,-,0,-,-,-,-,-,-,-,-,-,-,-,-,-,-,-,-,-,-,-,-,-,-
1729486470.955748,IntersectionApproaching,1729486470.802843,1729486470.876007,0,-,0,1,0,1,0,-,-,-,-,-,-,1,0,0,false,11.988652,14.766610,-,0,-,-,-,-,-,-,-,-,-,-,-,-,-,-,-,-,-,-,-,-,-,-
1729486470.989129,IntersectionApproaching,1729486470.869170,1729486470.939661,0,-,0,1,0,1,0,-,-,-,-,-,-,1,0,0,false,11.851529,14.629457,-,0,-,-,-,-,-,-,-,-,-,-,-,-,-,-,-,-,-,-,-,-,-,-
1729486471.022528,IntersectionApproaching,1729486470.869170,1729486470.939661,0,-,0,1,0,1,0,-,-,-,-,-,-,1,0,0,false,11.851529,14.629457,-,0,-,-,-,-,-,-,-,-,-,-,-,-,-,-,-,-,-,-,-,-,-,-
1729486471.055869,IntersectionApproaching,1729486470.933755,1729486471.005902,0,-,0,1,0,1,0,-,-,-,-,-,-,1,0,0,false,11.639654,14.417531,-,0,-,-,-,-,-,-,-,-,-,-,-,-,-,-,-,-,-,-,-,-,-,-
1729486471.089312,IntersectionApproaching,1729486470.933755,1729486471.005902,0,-,0,1,0,1,0,-,-,-,-,-,-,1,0,0,false,11.639654,14.417531,-,0,-,-,-,-,-,-,-,-,-,-,-,-,-,-,-,-,-,-,-,-,-,-
1729486471.122648,IntersectionApproaching,1729486471.000103,1729486471.070635,0,-,0,1,0,1,0,-,-,-,-,-,-,1,0,0,false,11.446605,14.224424,-,0,-,-,-,-,-,-,-,-,-,-,-,-,-,-,-,-,-,-,-,-,-,-
1729486471.156018,IntersectionApproaching,1729486471.000103,1729486471.070635,0,-,0,1,0,1,0,-,-,-,-,-,-,1,0,0,false,11.446605,14.224424,-,0,-,-,-,-,-,-,-,-,-,-,-,-,-,-,-,-,-,-,-,-,-,-
1729486471.189476,IntersectionApproaching,1729486471.065053,1729486471.143270,0,-,0,1,0,1,0,-,-,-,-,-,-,1,0,0,false,11.297687,14.075446,-,0,-,-,-,-,-,-,-,-,-,-,-,-,-,-,-,-,-,-,-,-,-,-
1729486471.222912,IntersectionApproaching,1729486471.065053,1729486471.143270,0,-,0,1,0,1,0,-,-,-,-,-,-,1,0,0,false,11.297687,14.075446,-,0,-,-,-,-,-,-,-,-,-,-,-,-,-,-,-,-,-,-,-,-,-,-
1729486471.256354,IntersectionApproaching,1729486471.136765,1729486471.205747,0,-,0,1,0,1,0,-,-,-,-,-,-,1,0,0,false,11.198888,13.976602,-,0,-,-,-,-,-,-,-,-,-,-,-,-,-,-,-,-,-,-,-,-,-,-
1729486471.289647,IntersectionApproaching,1729486471.136765,1729486471.205747,0,-,0,1,0,1,0,-,-,-,-,-,-,1,0,0,false,11.198888,13.976602,-,0,-,-,-,-,-,-,-,-,-,-,-,-,-,-,-,-,-,-,-,-,-,-
1729486471.323099,IntersectionApproaching,1729486471.199953,1729486471.272712,0,-,0,1,0,1,0,-,-,-,-,-,-,1,0,0,false,11.012931,13.790575,-,0,-,-,-,-,-,-,-,-,-,-,-,-,-,-,-,-,-,-,-,-,-,-
1729486471.356475,IntersectionApproaching,1729486471.199953,1729486471.272712,0,-,0,1,0,1,0,-,-,-,-,-,-,1,0,0,false,11.012931,13.790575,-,0,-,-,-,-,-,-,-,-,-,-,-,-,-,-,-,-,-,-,-,-,-,-
1729486471.389853,IntersectionApproaching,1729486471.199953,1729486471.339249,0,-,0,1,0,1,0,-,-,-,-,-,-,1,0,0,false,10.909796,13.687410,-,0,-,-,-,-,-,-,-,-,-,-,-,-,-,-,-,-,-,-,-,-,-,-
1729486471.423225,IntersectionApproaching,1729486471.266645,1729486471.339249,0,-,0,1,0,1,0,-,-,-,-,-,-,1,0,0,false,10.909796,13.687410,-,0,-,-,-,-,-,-,-,-,-,-,-,-,-,-,-,-,-,-,-,-,-,-
1729486471.456670,IntersectionApproaching,1729486471.333794,1729486471.403138,0,-,0,1,0,1,0,-,-,-,-,-,-,1,0,0,false,10.834415,13.612008,-,0,-,-,-,-,-,-,-,-,-,-,-,-,-,-,-,-,-,-,-,-,-,-
1729486471.490054,IntersectionApproaching,1729486471.333794,1729486471.403138,0,-,0,1,0,1,0,-,-,-,-,-,-,1,0,0,false,10.834415,13.612008,-,0,-,-,-,-,-,-,-,-,-,-,-,-,-,-,-,-,-,-,-,-,-,-
1729486471.523433,IntersectionApproaching,1729486471.333794,1729486471.470093,0,-,0,1,0,1,0,-,-,-,-,-,-,1,0,0,false,10.851887,13.629485,-,0,-,-,-,-,-,-,-,-,-,-,-,-,-,-,-,-,-,-,-,-,-,-
1729486471.556916,IntersectionApproaching,1729486471.397367,1729486471.470093,0,-,0,1,0,1,0,-,-,-,-,-,-,1,0,0,false,10.851887,13.629485,-,0,-,-,-,-,-,-,-,-,-,-,-,-,-,-,-,-,-,-,-,-,-,-
1729486471.590222,IntersectionApproaching,1729486471.397367,1729486471.543366,0,-,0,1,0,1,0,-,-,-,-,-,-,1,0,0,false,10.793169,13.570733,-,0,-,-,-,-,-,-,-,-,-,-,-,-,-,-,-,-,-,-,-,-,-,-
1729486471.623618,IntersectionApproaching,1729486471.463898,1729486471.543366,0,-,0,1,0,1,0,-,-,-,-,-,-,1,0,0,false,10.793169,13.570733,-,0,-,-,-,-,-,-,-,-,-,-,-,-,-,-,-,-,-,-,-,-,-,-
1729486471.657062,IntersectionApproaching,1729486471.537231,1729486471.610752,0,-,0,1,0,1,0,-,-,-,-,-,-,1,0,0,false,10.752143,13.529696,-,0,-,-,-,-,-,-,-,-,-,-,-,-,-,-,-,-,-,-,-,-,-,-
1729486471.690460,IntersectionApproaching,1729486471.537231,1729486471.610752,0,-,0,1,0,1,0,-,-,-,-,-,-,1,0,0,false,10.752143,13.529696,-,0,-,-,-,-,-,-,-,-,-,-,-,-,-,-,-,-,-,-,-,-,-,-
1729486471.723845,IntersectionApproaching,1729486471.605344,1729486471.673996,0,-,0,1,0,1,0,-,-,-,-,-,-,1,0,0,false,10.722737,13.500290,-,0,-,-,-,-,-,-,-,-,-,-,-,-,-,-,-,-,-,-,-,-,-,-
1729486471.757196,IntersectionApproaching,1729486471.605344,1729486471.673996,0,-,0,1,0,1,0,-,-,-,-,-,-,1,0,0,false,10.722737,13.500290,-,0,-,-,-,-,-,-,-,-,-,-,-,-,-,-,-,-,-,-,-,-,-,-
1729486471.790609,IntersectionApproaching,1729486471.666240,1729486471.741444,0,-,0,1,0,1,0,-,-,-,-,-,-,1,0,0,false,10.700140,13.477697,-,0,-,-,-,-,-,-,-,-,-,-,-,-,-,-,-,-,-,-,-,-,-,-
1729486471.824081,IntersectionApproaching,1729486471.666240,1729486471.741444,0,-,0,1,0,1,0,-,-,-,-,-,-,1,0,0,false,10.700140,13.477697,-,0,-,-,-,-,-,-,-,-,-,-,-,-,-,-,-,-,-,-,-,-,-,-
1729486471.857373,IntersectionApproaching,1729486471.735556,1729486471.809823,0,-,0,1,0,1,0,-,-,-,-,-,-,1,0,0,false,10.684433,13.461982,-,0,-,-,-,-,-,-,-,-,-,-,-,-,-,-,-,-,-,-,-,-,-,-
1729486471.890751,IntersectionApproaching,1729486471.735556,1729486471.809823,0,-,0,1,0,1,0,-,-,-,-,-,-,1,0,0,false,10.684433,13.461982,-,0,-,-,-,-,-,-,-,-,-,-,-,-,-,-,-,-,-,-,-,-,-,-
1729486471.924337,IntersectionApproaching,1729486471.803825,1729486471.873497,0,-,0,1,0,1,0,-,-,-,-,-,-,1,0,0,false,10.636852,13.414372,-,0,-,-,-,-,-,-,-,-,-,-,-,-,-,-,-,-,-,-,-,-,-,-
1729486471.957627,IntersectionApproaching,1729486471.803825,1729486471.873497,0,-,0,1,0,1,0,-,-,-,-,-,-,1,0,0,false,10.636852,13.414372,-,0,-,-,-,-,-,-,-,-,-,-,-,-,-,-,-,-,-,-,-,-,-,-
1729486471.991096,IntersectionApproaching,1729486471.866789,1729486471.941856,0,-,0,1,0,1,0,-,-,-,-,-,-,1,0,0,false,10.599875,13.377378,-,0,-,-,-,-,-,-,-,-,-,-,-,-,-,-,-,-,-,-,-,-,-,-
1729486472.024366,IntersectionApproaching,1729486471.866789,1729486471.941856,0,-,0,1,0,1,0,-,-,-,-,-,-,1,0,0,false,10.599875,13.377378,-,0,-,-,-,-,-,-,-,-,-,-,-,-,-,-,-,-,-,-,-,-,-,-
1729486472.057739,IntersectionApproaching,1729486471.936451,1729486472.006475,0,-,0,1,0,1,0,-,-,-,-,-,-,1,0,0,false,10.572360,13.349859,-,0,-,-,-,-,-,-,-,-,-,-,-,-,-,-,-,-,-,-,-,-,-,-
1729486472.091207,IntersectionApproaching,1729486471.936451,1729486472.006475,0,-,0,1,0,1,0,-,-,-,-,-,-,1,0,0,false,10.572360,13.349859,-,0,-,-,-,-,-,-,-,-,-,-,-,-,-,-,-,-,-,-,-,-,-,-
1729486472.124524,IntersectionApproaching,1729486472.001427,1729486472.076392,0,-,0,1,0,1,0,-,-,-,-,-,-,1,0,0,false,10.550950,13.328450,-,0,-,-,-,-,-,-,-,-,-,-,-,-,-,-,-,-,-,-,-,-,-,-
1729486472.157899,IntersectionApproaching,1729486472.001427,1729486472.076392,0,-,0,1,0,1,0,-,-,-,-,-,-,1,0,0,false,10.550950,13.328450,-,0,-,-,-,-,-,-,-,-,-,-,-,-,-,-,-,-,-,-,-,-,-,-
1729486472.191333,IntersectionApproaching,1729486472.070363,1729486472.141168,0,-,0,1,0,1,0,-,-,-,-,-,-,1,0,0,false,10.535906,13.313403,-,0,-,-,-,-,-,-,-,-,-,-,-,-,-,-,-,-,-,-,-,-,-,-
1729486472.224652,IntersectionApproaching,1729486472.070363,1729486472.141168,0,-,0,1,0,1,0,-,-,-,-,-,-,1,0,0,false,10.535906,13.313403,-,0,-,-,-,-,-,-,-,-,-,-,-,-,-,-,-,-,-,-,-,-,-,-
1729486472.258070,IntersectionApproaching,1729486472.134932,1729486472.205510,0,-,0,1,0,1,0,-,-,-,-,-,-,1,0,0,false,10.525342,13.302831,-,0,-,-,-,-,-,-,-,-,-,-,-,-,-,-,-,-,-,-,-,-,-,-
1729486472.291478,IntersectionApproaching,1729486472.134932,1729486472.205510,0,-,0,1,0,1,0,-,-,-,-,-,-,1,0,0,false,10.525342,13.302831,-,0,-,-,-,-,-,-,-,-,-,-,-,-,-,-,-,-,-,-,-,-,-,-
1729486472.324900,IntersectionApproaching,1729486472.200418,1729486472.278404,0,-,0,1,0,1,0,-,-,-,-,-,-,1,0,0,false,10.517092,13.294573,-,0,-,-,-,-,-,-,-,-,-,-,-,-,-,-,-,-,-,-,-,-,-,-
1729486472.358287,IntersectionApproaching,1729486472.200418,1729486472.278404,0,-,0,1,0,1,0,-,-,-,-,-,-,1,0,0,false,10.517092,13.294573,-,0,-,-,-,-,-,-,-,-,-,-,-,-,-,-,-,-,-,-,-,-,-,-
1729486472.391782,IntersectionApproaching,1729486472.272414,1729486472.337070,0,-,0,1,0,1,0,-,-,-,-,-,-,1,0,0,false,10.512333,13.289816,-,0,-,-,-,-,-,-,-,-,-,-,-,-,-,-,-,-,-,-,-,-,-,-
1729486472.425070,IntersectionApproaching,1729486472.272414,1729486472.337070,0,-,0,1,0,1,0,-,-,-,-,-,-,1,0,0,false,10.512333,13.289816,-,0,-,-,-,-,-,-,-,-,-,-,-,-,-,-,-,-,-,-,-,-,-,-
1729486472.458498,IntersectionApproaching,1729486472.332144,1729486472.404897,0,-,0,1,0,1,0,-,-,-,-,-,-,1,0,0,false,10.512235,13.289724,-,0,-,-,-,-,-,-,-,-,-,-,-,-,-,-,-,-,-,-,-,-,-,-
1729486472.491905,IntersectionApproaching,1729486472.332144,1729486472.404897,0,-,0,1,0,1,0,-,-,-,-,-,-,1,0,0,false,10.512235,13.289724,-,0,-,-,-,-,-,-,-,-,-,-,-,-,-,-,-,-,-,-,-,-,-,-
1729486472.525269,IntersectionApproaching,1729486472.398641,1729486472.474843,0,-,0,1,0,1,0,-,-,-,-,-,-,1,0,0,false,10.512165,13.289653,-,0,-,-,-,-,-,-,-,-,-,-,-,-,-,-,-,-,-,-,-,-,-,-
1729486472.558595,IntersectionApproaching,1729486472.398641,1729486472.474843,0,-,0,1,0,1,0,-,-,-,-,-,-,1,0,0,false,10.512165,13.289653,-,0,-,-,-,-,-,-,-,-,-,-,-,-,-,-,-,-,-,-,-,-,-,-
1729486472.591997,IntersectionApproaching,1729486472.468564,1729486472.535989,0,-,0,1,0,1,0,-,-,-,-,-,-,1,0,0,false,10.512109,13.289589,-,0,-,-,-,-,-,-,-,-,-,-,-,-,-,-,-,-,-,-,-,-,-,-
1729486472.625362,IntersectionApproaching,1729486472.468564,1729486472.535989,0,-,0,1,0,1,0,-,-,-,-,-,-,1,0,0,false,10.512109,13.289589,-,0,-,-,-,-,-,-,-,-,-,-,-,-,-,-,-,-,-,-,-,-,-,-
1729486472.658781,IntersectionApproaching,1729486472.530730,1729486472.603556,0,-,0,1,0,1,0,-,-,-,-,-,-,1,0,0,false,10.512063,13.289540,-,0,-,-,-,-,-,-,-,-,-,-,-,-,-,-,-,-,-,-,-,-,-,-
1729486472.692236,IntersectionApproaching,1729486472.597547,1729486472.603556,0,-,0,1,0,1,0,-,-,-,-,-,-,1,0,0,false,10.512063,13.289540,-,0,-,-,-,-,-,-,-,-,-,-,-,-,-,-,-,-,-,-,-,-,-,-
1729486472.725554,IntersectionApproaching,1729486472.597547,1729486472.675141,0,-,0,1,0,1,0,-,-,-,-,-,-,1,0,0,false,10.512019,13.289505,-,0,-,-,-,-,-,-,-,-,-,-,-,-,-,-,-,-,-,-,-,-,-,-
1729486472.759007,IntersectionApproaching,1729486472.597547,1729486472.675141,0,-,0,1,0,1,0,-,-,-,-,-,-,1,0,0,false,10.512019,13.289505,-,0,-,-,-,-,-,-,-,-,-,-,-,-,-,-,-,-,-,-,-,-,-,-
1729486472.792363,IntersectionApproaching,1729486472.669071,1729486472.739120,0,-,0,1,0,1,0,-,-,-,-,-,-,1,0,0,false,10.511989,13.289481,-,0,-,-,-,-,-,-,-,-,-,-,-,-,-,-,-,-,-,-,-,-,-,-
1729486472.825766,IntersectionApproaching,1729486472.669071,1729486472.739120,0,-,0,1,0,1,0,-,-,-,-,-,-,1,0,0,false,10.511989,13.289481,-,0,-,-,-,-,-,-,-,-,-,-,-,-,-,-,-,-,-,-,-,-,-,-
1729486472.859137,IntersectionApproaching,1729486472.733226,1729486472.804534,0,-,0,1,0,1,0,-,-,-,-,-,-,1,0,0,false,10.511969,13.289456,-,0,-,-,-,-,-,-,-,-,-,-,-,-,-,-,-,-,-,-,-,-,-,-
1729486472.892548,IntersectionApproaching,1729486472.733226,1729486472.804534,0,-,0,1,0,1,0,-,-,-,-,-,-,1,0,0,false,10.511969,13.289456,-,0,-,-,-,-,-,-,-,-,-,-,-,-,-,-,-,-,-,-,-,-,-,-
1729486472.925959,IntersectionApproaching,1729486472.798517,1729486472.872559,0,-,0,1,0,1,0,-,-,-,-,-,-,1,0,0,false,10.511953,13.289436,-,0,-,-,-,-,-,-,-,-,-,-,-,-,-,-,-,-,-,-,-,-,-,-
1729486472.959304,IntersectionApproaching,1729486472.798517,1729486472.872559,0,-,0,1,0,1,0,-,-,-,-,-,-,1,0,0,false,10.511953,13.289436,-,0,-,-,-,-,-,-,-,-,-,-,-,-,-,-,-,-,-,-,-,-,-,-
1729486472.992721,IntersectionApproaching,1729486472.867321,1729486472.937720,0,-,0,1,0,1,0,-,-,-,-,-,-,1,0,0,false,10.511938,13.289421,-,0,-,-,-,-,-,-,-,-,-,-,-,-,-,-,-,-,-,-,-,-,-,-
1729486473.026120,IntersectionApproaching,1729486472.867321,1729486472.937720,0,-,0,1,0,1,0,-,-,-,-,-,-,1,0,0,false,10.511938,13.289421,-,0,-,-,-,-,-,-,-,-,-,-,-,-,-,-,-,-,-,-,-,-,-,-
1729486473.059682,IntersectionApproaching,1729486472.931660,1729486473.005965,0,-,0,1,0,1,0,-,-,-,-,-,-,1,0,0,false,10.511926,13.289414,-,0,-,-,-,-,-,-,-,-,-,-,-,-,-,-,-,-,-,-,-,-,-,-
1729486473.092904,IntersectionApproaching,1729486472.931660,1729486473.005965,0,-,0,1,0,1,0,-,-,-,-,-,-,1,0,0,false,10.511926,13.289414,-,0,-,-,-,-,-,-,-,-,-,-,-,-,-,-,-,-,-,-,-,-,-,-
1729486473.126281,IntersectionApproaching,1729486473.000433,1729486473.073493,0,-,0,1,0,1,0,-,-,-,-,-,-,1,0,0,false,10.511920,13.289410,-,0,-,-,-,-,-,-,-,-,-,-,-,-,-,-,-,-,-,-,-,-,-,-
1729486473.159706,IntersectionApproaching,1729486473.000433,1729486473.073493,0,-,0,1,0,1,0,-,-,-,-,-,-,1,0,0,false,10.511920,13.289410,-,0,-,-,-,-,-,-,-,-,-,-,-,-,-,-,-,-,-,-,-,-,-,-
1729486473.193143,IntersectionApproaching,1729486473.067004,1729486473.139023,0,-,0,1,0,1,0,-,-,-,-,-,-,1,0,0,false,10.511914,13.289402,-,0,-,-,-,-,-,-,-,-,-,-,-,-,-,-,-,-,-,-,-,-,-,-
1729486473.226560,IntersectionApproaching,1729486473.067004,1729486473.139023,0,-,0,1,0,1,0,-,-,-,-,-,-,1,0,0,false,10.511914,13.289402,-,0,-,-,-,-,-,-,-,-,-,-,-,-,-,-,-,-,-,-,-,-,-,-
1729486473.259955,IntersectionApproaching,1729486473.133746,1729486473.202770,0,-,0,1,0,1,0,-,-,-,-,-,-,1,0,0,false,10.511909,13.289393,-,0,-,-,-,-,-,-,-,-,-,-,-,-,-,-,-,-,-,-,-,-,-,-
1729486473.293327,IntersectionApproaching,1729486473.197706,1729486473.202770,0,-,0,1,0,1,0,-,-,-,-,-,-,1,0,0,false,10.511909,13.289393,-,0,-,-,-,-,-,-,-,-,-,-,-,-,-,-,-,-,-,-,-,-,-,-
1729486473.326777,IntersectionApproaching,1729486473.197706,1729486473.274858,0,-,0,1,0,1,0,-,-,-,-,-,-,1,0,0,false,10.511898,13.289384,-,0,-,-,-,-,-,-,-,-,-,-,-,-,-,-,-,-,-,-,-,-,-,-
1729486473.360185,IntersectionApproaching,1729486473.197706,1729486473.274858,0,-,0,1,0,1,0,-,-,-,-,-,-,1,0,0,false,10.511898,13.289384,-,0,-,-,-,-,-,-,-,-,-,-,-,-,-,-,-,-,-,-,-,-,-,-
1729486473.393620,IntersectionApproaching,1729486473.268852,1729486473.339840,0,-,0,1,0,1,0,-,-,-,-,-,-,1,0,0,false,10.511896,13.289387,-,0,-,-,-,-,-,-,-,-,-,-,-,-,-,-,-,-,-,-,-,-,-,-
1729486473.427175,IntersectionApproaching,1729486473.268852,1729486473.339840,0,-,0,1,0,1,0,-,-,-,-,-,-,1,0,0,false,10.511896,13.289387,-,0,-,-,-,-,-,-,-,-,-,-,-,-,-,-,-,-,-,-,-,-,-,-
1729486473.460349,IntersectionApproaching,1729486473.334452,1729486473.405612,0,-,0,1,0,1,0,-,-,-,-,-,-,1,0,0,false,10.511896,13.289388,-,0,-,-,-,-,-,-,-,-,-,-,-,-,-,-,-,-,-,-,-,-,-,-
1729486473.493816,IntersectionApproaching,1729486473.398036,1729486473.405612,0,-,0,1,0,1,0,-,-,-,-,-,-,1,0,0,false,10.511896,13.289388,-,0,-,-,-,-,-,-,-,-,-,-,-,-,-,-,-,-,-,-,-,-,-,-
1729486473.527331,IntersectionApproaching,1729486473.398036,1729486473.471891,0,-,0,1,0,1,0,-,-,-,-,-,-,1,0,0,false,10.511891,13.289380,-,0,-,-,-,-,-,-,-,-,-,-,-,-,-,-,-,-,-,-,-,-,-,-
1729486473.560513,IntersectionApproaching,1729486473.398036,1729486473.471891,0,-,0,1,0,1,0,-,-,-,-,-,-,1,0,0,false,10.511891,13.289380,-,0,-,-,-,-,-,-,-,-,-,-,-,-,-,-,-,-,-,-,-,-,-,-
1729486473.593893,IntersectionApproaching,1729486473.465826,1729486473.540203,0,-,0,1,0,1,0,-,-,-,-,-,-,1,0,0,false,10.511891,13.289378,-,0,-,-,-,-,-,-,-,-,-,-,-,-,-,-,-,-,-,-,-,-,-,-
1729486473.627321,IntersectionApproaching,1729486473.465826,1729486473.540203,0,-,0,1,0,1,0,-,-,-,-,-,-,1,0,0,false,10.511891,13.289378,-,0,-,-,-,-,-,-,-,-,-,-,-,-,-,-,-,-,-,-,-,-,-,-
1729486473.660740,IntersectionApproaching,1729486473.534666,1729486473.605447,0,-,0,1,0,1,0,-,-,-,-,-,-,1,0,0,false,10.511889,13.289379,-,0,-,-,-,-,-,-,-,-,-,-,-,-,-,-,-,-,-,-,-,-,-,-
1729486473.694176,IntersectionApproaching,1729486473.534666,1729486473.605447,0,-,0,1,0,1,0,-,-,-,-,-,-,1,0,0,false,10.511889,13.289379,-,0,-,-,-,-,-,-,-,-,-,-,-,-,-,-,-,-,-,-,-,-,-,-
1729486473.727570,IntersectionApproaching,1729486473.599731,1729486473.670248,0,-,0,1,0,1,0,-,-,-,-,-,-,1,0,0,false,10.511889,13.289383,-,0,-,-,-,-,-,-,-,-,-,-,-,-,-,-,-,-,-,-,-,-,-,-
1729486473.760929,IntersectionApproaching,1729486473.599731,1729486473.670248,0,-,0,1,0,1,0,-,-,-,-,-,-,1,0,0,false,10.511889,13.289383,-,0,-,-,-,-,-,-,-,-,-,-,-,-,-,-,-,-,-,-,-,-,-,-
1729486473.794310,IntersectionApproaching,1729486473.664629,1729486473.740934,0,-,0,1,0,1,0,-,-,-,-,-,-,1,0,0,false,10.511890,13.289379,-,0,-,-,-,-,-,-,-,-,-,-,-,-,-,-,-,-,-,-,-,-,-,-
1729486473.827705,IntersectionApproaching,1729486473.664629,1729486473.740934,0,-,0,1,0,1,0,-,-,-,-,-,-,1,0,0,false,10.511890,13.289379,-,0,-,-,-,-,-,-,-,-,-,-,-,-,-,-,-,-,-,-,-,-,-,-
1729486473.861117,IntersectionApproaching,1729486473.734409,1729486473.805976,0,-,0,1,0,1,0,-,-,-,-,-,-,1,0,0,false,10.511893,13.289379,-,0,-,-,-,-,-,-,-,-,-,-,-,-,-,-,-,-,-,-,-,-,-,-
1729486473.894487,IntersectionApproaching,1729486473.734409,1729486473.805976,0,-,0,1,0,1,0,-,-,-,-,-,-,1,0,0,false,10.511893,13.289379,-,0,-,-,-,-,-,-,-,-,-,-,-,-,-,-,-,-,-,-,-,-,-,-
1729486473.927897,IntersectionApproaching,1729486473.799484,1729486473.874923,0,-,0,1,0,1,0,-,-,-,-,-,-,1,0,0,false,10.511889,13.289376,-,0,-,-,-,-,-,-,-,-,-,-,-,-,-,-,-,-,-,-,-,-,-,-
1729486473.961267,IntersectionApproaching,1729486473.799484,1729486473.874923,0,-,0,1,0,1,0,-,-,-,-,-,-,1,0,0,false,10.511889,13.289376,-,0,-,-,-,-,-,-,-,-,-,-,-,-,-,-,-,-,-,-,-,-,-,-
1729486473.994671,IntersectionApproaching,1729486473.869624,1729486473.939306,0,-,0,1,0,1,0,-,-,-,-,-,-,1,0,0,false,10.549272,13.326774,-,0,-,-,-,-,-,-,-,-,-,-,-,-,-,-,-,-,-,-,-,-,-,-
1729486474.028371,IntersectionApproaching,1729486473.869624,1729486473.939306,0,-,0,1,0,1,0,-,-,-,-,-,-,1,0,0,false,10.549272,13.326774,-,0,-,-,-,-,-,-,-,-,-,-,-,-,-,-,-,-,-,-,-,-,-,-
1729486474.061444,IntersectionApproaching,1729486473.933401,1729486474.003620,0,-,0,1,0,1,0,-,-,-,-,-,-,1,0,0,false,10.578814,13.356329,-,0,-,-,-,-,-,-,-,-,-,-,-,-,-,-,-,-,-,-,-,-,-,-
1729486474.094892,IntersectionApproaching,1729486473.933401,1729486474.003620,0,-,0,1,0,1,0,-,-,-,-,-,-,1,0,0,false,10.578814,13.356329,-,0,-,-,-,-,-,-,-,-,-,-,-,-,-,-,-,-,-,-,-,-,-,-
1729486474.128262,IntersectionApproaching,1729486473.998913,1729486474.076894,0,-,0,1,0,1,0,-,-,-,-,-,-,1,0,0,false,10.602168,13.379692,-,0,-,-,-,-,-,-,-,-,-,-,-,-,-,-,-,-,-,-,-,-,-,-
1729486474.161605,IntersectionApproaching,1729486473.998913,1729486474.076894,0,-,0,1,0,1,0,-,-,-,-,-,-,1,0,0,false,10.602168,13.379692,-,0,-,-,-,-,-,-,-,-,-,-,-,-,-,-,-,-,-,-,-,-,-,-
1729486474.194992,IntersectionApproaching,1729486473.998913,1729486474.137792,0,-,0,1,0,1,0,-,-,-,-,-,-,1,0,0,false,10.620627,13.398158,-,0,-,-,-,-,-,-,-,-,-,-,-,-,-,-,-,-,-,-,-,-,-,-
1729486474.228354,IntersectionApproaching,1729486474.069418,1729486474.137792,0,-,0,1,0,1,0,-,-,-,-,-,-,1,0,0,false,10.620627,13.398158,-,0,-,-,-,-,-,-,-,-,-,-,-,-,-,-,-,-,-,-,-,-,-,-
1729486474.261802,IntersectionApproaching,1729486474.131400,1729486474.205244,0,-,0,1,0,1,0,-,-,-,-,-,-,1,0,0,false,10.635214,13.412752,-,0,-,-,-,-,-,-,-,-,-,-,-,-,-,-,-,-,-,-,-,-,-,-
1729486474.295222,IntersectionApproaching,1729486474.131400,1729486474.205244,0,-,0,1,0,1,0,-,-,-,-,-,-,1,0,0,false,10.635214,13.412752,-,0,-,-,-,-,-,-,-,-,-,-,-,-,-,-,-,-,-,-,-,-,-,-
1729486474.328556,IntersectionApproaching,1729486474.199147,1729486474.273653,0,-,0,1,0,1,0,-,-,-,-,-,-,1,0,0,false,10.646749,13.424294,-,0,-,-,-,-,-,-,-,-,-,-,-,-,-,-,-,-,-,-,-,-,-,-
1729486474.362185,IntersectionApproaching,1729486474.268024,1729486474.273653,0,-,0,1,0,1,0,-,-,-,-,-,-,1,0,0,false,10.646749,13.424294,-,0,-,-,-,-,-,-,-,-,-,-,-,-,-,-,-,-,-,-,-,-,-,-
1729486474.395365,IntersectionApproaching,1729486474.268024,1729486474.338895,0,-,0,1,0,1,0,-,-,-,-,-,-,1,0,0,false,10.655869,13.433419,-,0,-,-,-,-,-,-,-,-,-,-,-,-,-,-,-,-,-,-,-,-,-,-
1729486474.428859,IntersectionApproaching,1729486474.268024,1729486474.338895,0,-,0,1,0,1,0,-,-,-,-,-,-,1,0,0,false,10.655869,13.433419,-,0,-,-,-,-,-,-,-,-,-,-,-,-,-,-,-,-,-,-,-,-,-,-
1729486474.462321,IntersectionApproaching,1729486474.333045,1729486474.407126,0,-,0,1,0,1,0,-,-,-,-,-,-,1,0,0,false,10.663077,13.440628,-,0,-,-,-,-,-,-,-,-,-,-,-,-,-,-,-,-,-,-,-,-,-,-
1729486474.495675,IntersectionApproaching,1729486474.333045,1729486474.407126,0,-,0,1,0,1,0,-,-,-,-,-,-,1,0,0,false,10.663077,13.440628,-,0,-,-,-,-,-,-,-,-,-,-,-,-,-,-,-,-,-,-,-,-,-,-
1729486474.529064,IntersectionApproaching,1729486474.401245,1729486474.470830,0,-,0,1,0,1,0,-,-,-,-,-,-,1,0,0,false,10.668776,13.446326,-,0,-,-,-,-,-,-,-,-,-,-,-,-,-,-,-,-,-,-,-,-,-,-
1729486474.562383,IntersectionApproaching,1729486474.465199,1729486474.470830,0,-,0,1,0,1,0,-,-,-,-,-,-,1,0,0,false,10.668776,13.446326,-,0,-,-,-,-,-,-,-,-,-,-,-,-,-,-,-,-,-,-,-,-,-,-
1729486474.595840,IntersectionApproaching,1729486474.465199,1729486474.543221,0,-,0,1,0,1,0,-,-,-,-,-,-,1,0,0,false,10.673273,13.450828,-,0,-,-,-,-,-,-,-,-,-,-,-,-,-,-,-,-,-,-,-,-,-,-
1729486474.629306,IntersectionApproaching,1729486474.465199,1729486474.543221,0,-,0,1,0,1,0,-,-,-,-,-,-,1,0,0,false,10.673273,13.450828,-,0,-,-,-,-,-,-,-,-,-,-,-,-,-,-,-,-,-,-,-,-,-,-
1729486474.662600,IntersectionApproaching,1729486474.536957,1729486474.605065,0,-,0,1,0,1,0,-,-,-,-,-,-,1,0,0,false,10.676827,13.454387,-,0,-,-,-,-,-,-,-,-,-,-,-,-,-,-,-,-,-,-,-,-,-,-
1729486474.695949,IntersectionApproaching,1729486474.536957,1729486474.605065,0,-,0,1,0,1,0,-,-,-,-,-,-,1,0,0,false,10.676827,13.454387,-,0,-,-,-,-,-,-,-,-,-,-,-,-,-,-,-,-,-,-,-,-,-,-
1729486474.729346,IntersectionApproaching,1729486474.599775,1729486474.673210,0,-,0,1,0,1,0,-,-,-,-,-,-,1,0,0,false,10.679646,13.457206,-,0,-,-,-,-,-,-,-,-,-,-,-,-,-,-,-,-,-,-,-,-,-,-
1729486474.762727,IntersectionApproaching,1729486474.599775,1729486474.673210,0,-,0,1,0,1,0,-,-,-,-,-,-,1,0,0,false,10.679646,13.457206,-,0,-,-,-,-,-,-,-,-,-,-,-,-,-,-,-,-,-,-,-,-,-,-
1729486474.796147,IntersectionApproaching,1729486474.667312,1729486474.738676,0,-,0,1,0,1,0,-,-,-,-,-,-,1,0,0,false,10.681872,13.459429,-,0,-,-,-,-,-,-,-,-,-,-,-,-,-,-,-,-,-,-,-,-,-,-
1729486474.829516,IntersectionApproaching,1729486474.667312,1729486474.738676,0,-,0,1,0,1,0,-,-,-,-,-,-,1,0,0,false,10.681872,13.459429,-,0,-,-,-,-,-,-,-,-,-,-,-,-,-,-,-,-,-,-,-,-,-,-
1729486474.862923,IntersectionApproaching,1729486474.733569,1729486474.808469,0,-,0,1,0,1,0,-,-,-,-,-,-,1,0,0,false,10.683631,13.461186,-,0,-,-,-,-,-,-,-,-,-,-,-,-,-,-,-,-,-,-,-,-,-,-
1729486474.896286,IntersectionApproaching,1729486474.733569,1729486474.808469,0,-,0,1,0,1,0,-,-,-,-,-,-,1,0,0,false,10.683631,13.461186,-,0,-,-,-,-,-,-,-,-,-,-,-,-,-,-,-,-,-,-,-,-,-,-
1729486474.929684,IntersectionApproaching,1729486474.801950,1729486474.872464,0,-,0,1,0,1,0,-,-,-,-,-,-,1,0,0,false,10.685019,13.462579,-,0,-,-,-,-,-,-,-,-,-,-,-,-,-,-,-,-,-,-,-,-,-,-
1729486474.963067,IntersectionApproaching,1729486474.801950,1729486474.872464,0,-,0,1,0,1,0,-,-,-,-,-,-,1,0,0,false,10.685019,13.462579,-,0,-,-,-,-,-,-,-,-,-,-,-,-,-,-,-,-,-,-,-,-,-,-
1729486474.996482,IntersectionApproaching,1729486474.866220,1729486474.938584,0,-,0,1,0,1,0,-,-,-,-,-,-,1,0,0,false,10.686111,13.463669,-,0,-,-,-,-,-,-,-,-,-,-,-,-,-,-,-,-,-,-,-,-,-,-
1729486475.029961,IntersectionApproaching,1729486474.866220,1729486474.938584,0,-,0,1,0,1,0,-,-,-,-,-,-,1,0,0,false,10.686111,13.463669,-,0,-,-,-,-,-,-,-,-,-,-,-,-,-,-,-,-,-,-,-,-,-,-
1729486475.063322,IntersectionApproaching,1729486474.932482,1729486475.002628,0,-,0,1,0,1,0,-,-,-,-,-,-,1,0,0,false,10.686982,13.464540,-,0,-,-,-,-,-,-,-,-,-,-,-,-,-,-,-,-,-,-,-,-,-,-
1729486475.096716,IntersectionApproaching,1729486474.932482,1729486475.002628,0,-,0,1,0,1,0,-,-,-,-,-,-,1,0,0,false,10.686982,13.464540,-,0,-,-,-,-,-,-,-,-,-,-,-,-,-,-,-,-,-,-,-,-,-,-
1729486475.130058,IntersectionApproaching,1729486474.997067,1729486475.067797,0,-,0,1,0,1,0,-,-,-,-,-,-,1,0,0,false,10.687673,13.465228,-,0,-,-,-,-,-,-,-,-,-,-,-,-,-,-,-,-,-,-,-,-,-,-
1729486475.163457,IntersectionApproaching,1729486475.062001,1729486475.067797,0,-,0,1,0,1,0,-,-,-,-,-,-,1,0,0,false,10.687673,13.465228,-,0,-,-,-,-,-,-,-,-,-,-,-,-,-,-,-,-,-,-,-,-,-,-
1729486475.196918,IntersectionApproaching,1729486475.062001,1729486475.140995,0,-,0,1,0,1,0,-,-,-,-,-,-,1,0,0,false,10.688211,13.465769,-,0,-,-,-,-,-,-,-,-,-,-,-,-,-,-,-,-,-,-,-,-,-,-
1729486475.230241,IntersectionApproaching,1729486475.062001,1729486475.140995,0,-,0,1,0,1,0,-,-,-,-,-,-,1,0,0,false,10.688211,13.465769,-,0,-,-,-,-,-,-,-,-,-,-,-,-,-,-,-,-,-,-,-,-,-,-
1729486475.263709,IntersectionApproaching,1729486475.135333,1729486475.205891,0,-,0,1,0,1,0,-,-,-,-,-,-,1,0,0,false,10.651260,13.428802,-,0,-,-,-,-,-,-,-,-,-,-,-,-,-,-,-,-,-,-,-,-,-,-
1729486475.297066,IntersectionApproaching,1729486475.135333,1729486475.205891,0,-,0,1,0,1,0,-,-,-,-,-,-,1,0,0,false,10.651260,13.428802,-,0,-,-,-,-,-,-,-,-,-,-,-,-,-,-,-,-,-,-,-,-,-,-
1729486475.330403,IntersectionApproaching,1729486475.200091,1729486475.273803,0,-,0,1,0,1,0,-,-,-,-,-,-,1,0,0,false,10.622055,13.399584,-,0,-,-,-,-,-,-,-,-,-,-,-,-,-,-,-,-,-,-,-,-,-,-
1729486475.363824,IntersectionApproaching,1729486475.268525,1729486475.273803,0,-,0,1,0,1,0,-,-,-,-,-,-,1,0,0,false,10.622055,13.399584,-,0,-,-,-,-,-,-,-,-,-,-,-,-,-,-,-,-,-,-,-,-,-,-
1729486475.397251,IntersectionApproaching,1729486475.268525,1729486475.339336,0,-,0,1,0,1,0,-,-,-,-,-,-,1,0,0,false,10.598967,13.376486,-,0,-,-,-,-,-,-,-,-,-,-,-,-,-,-,-,-,-,-,-,-,-,-
1729486475.430728,IntersectionApproaching,1729486475.334606,1729486475.339336,0,-,0,1,0,1,0,-,-,-,-,-,-,1,0,0,false,10.598967,13.376486,-,0,-,-,-,-,-,-,-,-,-,-,-,-,-,-,-,-,-,-,-,-,-,-
1729486475.464151,IntersectionApproaching,1729486475.334606,1729486475.405655,0,-,0,1,0,1,0,-,-,-,-,-,-,1,0,0,false,10.580722,13.358234,-,0,-,-,-,-,-,-,-,-,-,-,-,-,-,-,-,-,-,-,-,-,-,-
1729486475.497370,IntersectionApproaching,1729486475.334606,1729486475.405655,0,-,0,1,0,1,0,-,-,-,-,-,-,1,0,0,false,10.580722,13.358234,-,0,-,-,-,-,-,-,-,-,-,-,-,-,-,-,-,-,-,-,-,-,-,-
1729486475.530813,IntersectionApproaching,1729486475.400281,1729486475.476730,0,-,0,1,0,1,0,-,-,-,-,-,-,1,0,0,false,10.566294,13.343801,-,0,-,-,-,-,-,-,-,-,-,-,-,-,-,-,-,-,-,-,-,-,-,-
1729486475.564131,IntersectionApproaching,1729486475.400281,1729486475.476730,0,-,0,1,0,1,0,-,-,-,-,-,-,1,0,0,false,10.566294,13.343801,-,0,-,-,-,-,-,-,-,-,-,-,-,-,-,-,-,-,-,-,-,-,-,-
1729486475.597545,IntersectionApproaching,1729486475.471109,1729486475.538975,0,-,0,1,0,1,0,-,-,-,-,-,-,1,0,0,false,10.480137,13.257607,-,0,-,-,-,-,-,-,-,-,-,-,-,-,-,-,-,-,-,-,-,-,-,-
1729486475.630887,IntersectionApproaching,1729486475.471109,1729486475.538975,0,-,0,1,0,1,0,-,-,-,-,-,-,1,0,0,false,10.480137,13.257607,-,0,-,-,-,-,-,-,-,-,-,-,-,-,-,-,-,-,-,-,-,-,-,-
1729486475.664524,IntersectionApproaching,1729486475.533215,1729486475.605179,0,-,0,1,0,1,0,-,-,-,-,-,-,1,0,0,false,10.412034,13.189471,-,0,-,-,-,-,-,-,-,-,-,-,-,-,-,-,-,-,-,-,-,-,-,-
1729486475.697675,IntersectionApproaching,1729486475.533215,1729486475.605179,0,-,0,1,0,1,0,-,-,-,-,-,-,1,0,0,false,10.412034,13.189471,-,0,-,-,-,-,-,-,-,-,-,-,-,-,-,-,-,-,-,-,-,-,-,-
1729486475.731098,IntersectionApproaching,1729486475.596851,1729486475.671576,0,-,0,1,0,1,0,-,-,-,-,-,-,1,0,0,false,10.358205,13.135616,-,0,-,-,-,-,-,-,-,-,-,-,-,-,-,-,-,-,-,-,-,-,-,-
1729486475.764454,IntersectionApproaching,1729486475.596851,1729486475.671576,0,-,0,1,0,1,0,-,-,-,-,-,-,1,0,0,false,10.358205,13.135616,-,0,-,-,-,-,-,-,-,-,-,-,-,-,-,-,-,-,-,-,-,-,-,-
1729486475.797925,IntersectionApproaching,1729486475.664373,1729486475.739600,0,-,0,1,0,1,0,-,-,-,-,-,-,1,0,0,false,10.315654,13.093047,-,0,-,-,-,-,-,-,-,-,-,-,-,-,-,-,-,-,-,-,-,-,-,-
1729486475.831311,IntersectionApproaching,1729486475.664373,1729486475.739600,0,-,0,1,0,1,0,-,-,-,-,-,-,1,0,0,false,10.315654,13.093047,-,0,-,-,-,-,-,-,-,-,-,-,-,-,-,-,-,-,-,-,-,-,-,-
1729486475.864758,IntersectionApproaching,1729486475.733094,1729486475.803248,0,-,0,1,0,1,0,-,-,-,-,-,-,1,0,0,false,10.282019,13.059402,-,0,-,-,-,-,-,-,-,-,-,-,-,-,-,-,-,-,-,-,-,-,-,-
1729486475.898091,IntersectionApproaching,1729486475.733094,1729486475.803248,0,-,0,1,0,1,0,-,-,-,-,-,-,1,0,0,false,10.282019,13.059402,-,0,-,-,-,-,-,-,-,-,-,-,-,-,-,-,-,-,-,-,-,-,-,-
1729486475.931473,IntersectionApproaching,1729486475.796404,1729486475.875511,0,-,0,1,0,1,0,-,-,-,-,-,-,1,0,0,false,10.255433,13.032807,-,0,-,-,-,-,-,-,-,-,-,-,-,-,-,-,-,-,-,-,-,-,-,-
1729486475.965123,IntersectionApproaching,1729486475.796404,1729486475.875511,0,-,0,1,0,1,0,-,-,-,-,-,-,1,0,0,false,10.255433,13.032807,-,0,-,-,-,-,-,-,-,-,-,-,-,-,-,-,-,-,-,-,-,-,-,-
1729486475.998248,IntersectionApproaching,1729486475.869398,1729486475.938827,0,-,0,1,0,1,0,-,-,-,-,-,-,1,0,0,false,10.234423,13.011788,-,0,-,-,-,-,-,-,-,-,-,-,-,-,-,-,-,-,-,-,-,-,-,-
1729486476.031668,IntersectionApproaching,1729486475.869398,1729486475.938827,0,-,0,1,0,1,0,-,-,-,-,-,-,1,0,0,false,10.234423,13.011788,-,0,-,-,-,-,-,-,-,-,-,-,-,-,-,-,-,-,-,-,-,-,-,-
1729486476.065137,IntersectionApproaching,1729486475.932102,1729486476.007002,0,-,0,1,0,1,0,-,-,-,-,-,-,1,0,0,false,10.217815,12.995168,-,0,-,-,-,-,-,-,-,-,-,-,-,-,-,-,-,-,-,-,-,-,-,-
1729486476.098750,IntersectionApproaching,1729486475.932102,1729486476.007002,0,-,0,1,0,1,0,-,-,-,-,-,-,1,0,0,false,10.217815,12.995168,-,0,-,-,-,-,-,-,-,-,-,-,-,-,-,-,-,-,-,-,-,-,-,-
1729486476.132017,IntersectionApproaching,1729486476.001878,1729486476.071783,0,-,0,1,0,1,0,-,-,-,-,-,-,1,0,0,false,10.204685,12.982031,-,0,-,-,-,-,-,-,-,-,-,-,-,-,-,-,-,-,-,-,-,-,-,-
1729486476.165444,IntersectionApproaching,1729486476.001878,1729486476.071783,0,-,0,1,0,1,0,-,-,-,-,-,-,1,0,0,false,10.204685,12.982031,-,0,-,-,-,-,-,-,-,-,-,-,-,-,-,-,-,-,-,-,-,-,-,-
1729486476.198789,IntersectionApproaching,1729486476.065945,1729486476.137742,0,-,0,1,0,1,0,-,-,-,-,-,-,1,0,0,false,10.194309,12.971652,-,0,-,-,-,-,-,-,-,-,-,-,-,-,-,-,-,-,-,-,-,-,-,-
1729486476.232764,IntersectionApproaching,1729486476.132945,1729486476.137742,0,-,0,1,0,1,0,-,-,-,-,-,-,1,0,0,false,10.194309,12.971652,-,0,-,-,-,-,-,-,-,-,-,-,-,-,-,-,-,-,-,-,-,-,-,-
1729486476.265686,IntersectionApproaching,1729486476.132945,1729486476.206646,0,-,0,1,0,1,0,-,-,-,-,-,-,1,0,0,false,10.186104,12.963447,-,0,-,-,-,-,-,-,-,-,-,-,-,-,-,-,-,-,-,-,-,-,-,-
1729486476.299039,IntersectionApproaching,1729486476.132945,1729486476.206646,0,-,0,1,0,1,0,-,-,-,-,-,-,1,0,0,false,10.186104,12.963447,-,0,-,-,-,-,-,-,-,-,-,-,-,-,-,-,-,-,-,-,-,-,-,-
1729486476.332474,IntersectionApproaching,1729486476.201007,1729486476.272856,0,-,0,1,0,1,0,-,-,-,-,-,-,1,0,0,false,10.179625,12.956958,-,0,-,-,-,-,-,-,-,-,-,-,-,-,-,-,-,-,-,-,-,-,-,-
1729486476.365782,IntersectionApproaching,1729486476.201007,1729486476.272856,0,-,0,1,0,1,0,-,-,-,-,-,-,1,0,0,false,10.179625,12.956958,-,0,-,-,-,-,-,-,-,-,-,-,-,-,-,-,-,-,-,-,-,-,-,-
1729486476.399184,IntersectionApproaching,1729486476.267349,1729486476.336381,0,-,0,1,0,1,0,-,-,-,-,-,-,1,0,0,false,10.174495,12.951824,-,0,-,-,-,-,-,-,-,-,-,-,-,-,-,-,-,-,-,-,-,-,-,-
1729486476.432542,IntersectionApproaching,1729486476.267349,1729486476.336381,0,-,0,1,0,1,0,-,-,-,-,-,-,1,0,0,false,10.174495,12.951824,-,0,-,-,-,-,-,-,-,-,-,-,-,-,-,-,-,-,-,-,-,-,-,-
1729486476.466003,IntersectionApproaching,1729486476.331040,1729486476.405963,0,-,0,1,0,1,0,-,-,-,-,-,-,1,0,0,false,10.170444,12.947769,-,0,-,-,-,-,-,-,-,-,-,-,-,-,-,-,-,-,-,-,-,-,-,-
1729486476.499353,IntersectionApproaching,1729486476.331040,1729486476.405963,0,-,0,1,0,1,0,-,-,-,-,-,-,1,0,0,false,10.170444,12.947769,-,0,-,-,-,-,-,-,-,-,-,-,-,-,-,-,-,-,-,-,-,-,-,-
1729486476.532806,IntersectionApproaching,1729486476.399324,1729486476.473863,0,-,0,1,0,1,0,-,-,-,-,-,-,1,0,0,false,10.166798,12.944120,-,0,-,-,-,-,-,-,-,-,-,-,-,-,-,-,-,-,-,-,-,-,-,-
1729486476.566530,IntersectionApproaching,1729486476.399324,1729486476.473863,0,-,0,1,0,1,0,-,-,-,-,-,-,1,0,0,false,10.166798,12.944120,-,0,-,-,-,-,-,-,-,-,-,-,-,-,-,-,-,-,-,-,-,-,-,-
1729486476.599951,IntersectionApproaching,1729486476.467402,1729486476.541293,0,-,0,1,0,1,0,-,-,-,-,-,-,1,0,0,false,10.156830,12.934154,-,0,-,-,-,-,-,-,-,-,-,-,-,-,-,-,-,-,-,-,-,-,-,-
1729486476.633476,IntersectionApproaching,1729486476.467402,1729486476.541293,0,-,0,1,0,1,0,-,-,-,-,-,-,1,0,0,false,10.156830,12.934154,-,0,-,-,-,-,-,-,-,-,-,-,-,-,-,-,-,-,-,-,-,-,-,-
1729486476.666806,IntersectionApproaching,1729486476.533873,1729486476.605090,0,-,0,1,0,1,0,-,-,-,-,-,-,1,0,0,false,10.145189,12.922508,-,0,-,-,-,-,-,-,-,-,-,-,-,-,-,-,-,-,-,-,-,-,-,-
1729486476.700131,IntersectionApproaching,1729486476.533873,1729486476.605090,0,-,0,1,0,1,0,-,-,-,-,-,-,1,0,0,false,10.145189,12.922508,-,0,-,-,-,-,-,-,-,-,-,-,-,-,-,-,-,-,-,-,-,-,-,-
1729486476.733609,IntersectionApproaching,1729486476.598260,1729486476.670445,0,-,0,1,0,1,0,-,-,-,-,-,-,1,0,0,false,10.132081,12.909389,-,0,-,-,-,-,-,-,-,-,-,-,-,-,-,-,-,-,-,-,-,-,-,-
1729486476.766991,IntersectionApproaching,1729486476.598260,1729486476.670445,0,-,0,1,0,1,0,-,-,-,-,-,-,1,0,0,false,10.132081,12.909389,-,0,-,-,-,-,-,-,-,-,-,-,-,-,-,-,-,-,-,-,-,-,-,-
1729486476.800481,IntersectionApproaching,1729486476.663350,1729486476.738166,0,-,0,1,0,1,0,-,-,-,-,-,-,1,0,0,false,10.117557,12.894851,-,0,-,-,-,-,-,-,-,-,-,-,-,-,-,-,-,-,-,-,-,-,-,-
1729486476.833766,IntersectionApproaching,1729486476.663350,1729486476.738166,0,-,0,1,0,1,0,-,-,-,-,-,-,1,0,0,false,10.117557,12.894851,-,0,-,-,-,-,-,-,-,-,-,-,-,-,-,-,-,-,-,-,-,-,-,-
1729486476.867232,IntersectionApproaching,1729486476.731933,1729486476.805074,0,-,0,1,0,1,0,-,-,-,-,-,-,1,0,0,false,10.064420,12.841697,-,0,-,-,-,-,-,-,-,-,-,-,-,-,-,-,-,-,-,-,-,-,-,-
1729486476.900568,IntersectionApproaching,1729486476.731933,1729486476.805074,0,-,0,1,0,1,0,-,-,-,-,-,-,1,0,0,false,10.064420,12.841697,-,0,-,-,-,-,-,-,-,-,-,-,-,-,-,-,-,-,-,-,-,-,-,-
1729486476.933961,IntersectionApproaching,1729486476.798259,1729486476.876145,0,-,0,1,0,1,0,-,-,-,-,-,-,1,0,0,false,10.016083,12.793340,-,0,-,-,-,-,-,-,-,-,-,-,-,-,-,-,-,-,-,-,-,-,-,-
1729486476.967340,IntersectionApproaching,1729486476.798259,1729486476.876145,0,-,0,1,0,1,0,-,-,-,-,-,-,1,0,0,false,10.016083,12.793340,-,0,-,-,-,-,-,-,-,-,-,-,-,-,-,-,-,-,-,-,-,-,-,-
1729486477.000857,IntersectionApproaching,1729486476.869574,1729486476.940634,0,-,0,1,0,1,0,-,-,-,-,-,-,1,0,0,false,9.975988,12.753225,-,0,-,-,-,-,-,-,-,-,-,-,-,-,-,-,-,-,-,-,-,-,-,-
1729486477.034255,IntersectionApproaching,1729486476.869574,1729486476.940634,0,-,0,1,0,1,0,-,-,-,-,-,-,1,0,0,false,9.975988,12.753225,-,0,-,-,-,-,-,-,-,-,-,-,-,-,-,-,-,-,-,-,-,-,-,-
1729486477.067567,IntersectionApproaching,1729486476.934712,1729486477.001376,0,-,0,1,0,1,0,-,-,-,-,-,-,1,0,0,false,9.942113,12.719325,-,0,-,-,-,-,-,-,-,-,-,-,-,-,-,-,-,-,-,-,-,-,-,-
1729486477.101054,IntersectionApproaching,1729486476.934712,1729486477.001376,0,-,0,1,0,1,0,-,-,-,-,-,-,1,0,0,false,9.942113,12.719325,-,0,-,-,-,-,-,-,-,-,-,-,-,-,-,-,-,-,-,-,-,-,-,-
1729486477.134330,IntersectionApproaching,1729486476.994828,1729486477.068536,0,-,0,1,0,1,0,-,-,-,-,-,-,1,0,0,false,9.907394,12.684587,-,0,-,-,-,-,-,-,-,-,-,-,-,-,-,-,-,-,-,-,-,-,-,-
1729486477.167801,IntersectionApproaching,1729486476.994828,1729486477.068536,0,-,0,1,0,1,0,-,-,-,-,-,-,1,0,0,false,9.907394,12.684587,-,0,-,-,-,-,-,-,-,-,-,-,-,-,-,-,-,-,-,-,-,-,-,-
1729486477.201119,IntersectionApproaching,1729486477.062551,1729486477.138981,0,-,0,1,0,1,0,-,-,-,-,-,-,1,0,0,false,9.872005,12.649183,-,0,-,-,-,-,-,-,-,-,-,-,-,-,-,-,-,-,-,-,-,-,-,-
1729486477.234524,IntersectionApproaching,1729486477.062551,1729486477.138981,0,-,0,1,0,1,0,-,-,-,-,-,-,1,0,0,false,9.872005,12.649183,-,0,-,-,-,-,-,-,-,-,-,-,-,-,-,-,-,-,-,-,-,-,-,-
1729486477.267890,IntersectionApproaching,1729486477.133164,1729486477.206986,0,-,0,1,0,1,0,-,-,-,-,-,-,1,0,0,false,9.839754,12.616920,-,0,-,-,-,-,-,-,-,-,-,-,-,-,-,-,-,-,-,-,-,-,-,-
1729486477.301589,IntersectionApproaching,1729486477.133164,1729486477.206986,0,-,0,1,0,1,0,-,-,-,-,-,-,1,0,0,false,9.839754,12.616920,-,0,-,-,-,-,-,-,-,-,-,-,-,-,-,-,-,-,-,-,-,-,-,-
1729486477.334859,IntersectionApproaching,1729486477.200928,1729486477.276590,0,-,0,1,0,1,0,-,-,-,-,-,-,1,0,0,false,9.731909,12.509020,-,0,-,-,-,-,-,-,-,-,-,-,-,-,-,-,-,-,-,-,-,-,-,-
1729486477.368340,IntersectionApproaching,1729486477.200928,1729486477.276590,0,-,0,1,0,1,0,-,-,-,-,-,-,1,0,0,false,9.731909,12.509020,-,0,-,-,-,-,-,-,-,-,-,-,-,-,-,-,-,-,-,-,-,-,-,-
1729486477.401708,IntersectionApproaching,1729486477.269405,1729486477.340544,0,-,0,1,0,1,0,-,-,-,-,-,-,1,0,0,false,9.645831,12.422898,-,0,-,-,-,-,-,-,-,-,-,-,-,-,-,-,-,-,-,-,-,-,-,-
1729486477.435036,IntersectionApproaching,1729486477.334645,1729486477.340544,0,-,0,1,0,1,0,-,-,-,-,-,-,1,0,0,false,9.645831,12.422898,-,0,-,-,-,-,-,-,-,-,-,-,-,-,-,-,-,-,-,-,-,-,-,-
1729486477.468390,IntersectionApproaching,1729486477.334645,1729486477.404237,0,-,0,1,0,1,0,-,-,-,-,-,-,1,0,0,false,9.572666,12.349692,-,0,-,-,-,-,-,-,-,-,-,-,-,-,-,-,-,-,-,-,-,-,-,-
1729486477.502079,IntersectionApproaching,1729486477.398708,1729486477.404237,0,-,0,1,0,1,0,-,-,-,-,-,-,1,0,0,false,9.572666,12.349692,-,0,-,-,-,-,-,-,-,-,-,-,-,-,-,-,-,-,-,-,-,-,-,-
1729486477.535204,IntersectionApproaching,1729486477.398708,1729486477.475499,0,-,0,1,0,1,0,-,-,-,-,-,-,1,0,0,false,9.462516,12.239484,-,0,-,-,-,-,-,-,-,-,-,-,-,-,-,-,-,-,-,-,-,-,-,-
1729486477.568713,IntersectionApproaching,1729486477.398708,1729486477.475499,0,-,0,1,0,1,0,-,-,-,-,-,-,1,0,0,false,9.462516,12.239484,-,0,-,-,-,-,-,-,-,-,-,-,-,-,-,-,-,-,-,-,-,-,-,-
1729486477.601995,IntersectionApproaching,1729486477.469573,1729486477.537661,0,-,0,1,0,1,0,-,-,-,-,-,-,1,0,0,false,9.380163,12.157076,-,0,-,-,-,-,-,-,-,-,-,-,-,-,-,-,-,-,-,-,-,-,-,-
1729486477.635399,IntersectionApproaching,1729486477.469573,1729486477.537661,0,-,0,1,0,1,0,-,-,-,-,-,-,1,0,0,false,9.380163,12.157076,-,0,-,-,-,-,-,-,-,-,-,-,-,-,-,-,-,-,-,-,-,-,-,-
1729486477.668962,IntersectionApproaching,1729486477.531406,1729486477.604033,0,-,0,1,0,1,0,-,-,-,-,-,-,1,0,0,false,9.228492,12.005316,-,0,-,-,-,-,-,-,-,-,-,-,-,-,-,-,-,-,-,-,-,-,-,-
1729486477.702258,IntersectionApproaching,1729486477.595836,1729486477.604033,0,-,0,1,0,1,0,-,-,-,-,-,-,1,0,0,false,9.228492,12.005316,-,0,-,-,-,-,-,-,-,-,-,-,-,-,-,-,-,-,-,-,-,-,-,-
1729486477.735660,IntersectionApproaching,1729486477.595836,1729486477.668725,0,-,0,1,0,1,0,-,-,-,-,-,-,1,0,0,false,9.066560,11.843289,-,0,-,-,-,-,-,-,-,-,-,-,-,-,-,-,-,-,-,-,-,-,-,-
1729486477.769066,IntersectionApproaching,1729486477.663720,1729486477.668725,0,-,0,1,0,1,0,-,-,-,-,-,-,1,0,0,false,9.066560,11.843289,-,0,-,-,-,-,-,-,-,-,-,-,-,-,-,-,-,-,-,-,-,-,-,-
1729486477.802389,IntersectionApproaching,1729486477.663720,1729486477.737921,0,-,0,1,0,1,0,-,-,-,-,-,-,1,0,0,false,8.925702,11.702346,-,0,-,-,-,-,-,-,-,-,-,-,-,-,-,-,-,-,-,-,-,-,-,-
1729486477.836040,IntersectionApproaching,1729486477.732904,1729486477.737921,0,-,0,1,0,1,0,-,-,-,-,-,-,1,0,0,false,8.925702,11.702346,-,0,-,-,-,-,-,-,-,-,-,-,-,-,-,-,-,-,-,-,-,-,-,-
1729486477.869231,IntersectionApproaching,1729486477.732904,1729486477.809528,0,-,0,1,0,1,0,-,-,-,-,-,-,1,0,0,false,8.727982,11.504481,-,0,-,-,-,-,-,-,-,-,-,-,-,-,-,-,-,-,-,-,-,-,-,-
1729486477.902598,IntersectionApproaching,1729486477.732904,1729486477.809528,0,-,0,1,0,1,0,-,-,-,-,-,-,1,0,0,false,8.727982,11.504481,-,0,-,-,-,-,-,-,-,-,-,-,-,-,-,-,-,-,-,-,-,-,-,-
1729486477.936067,IntersectionApproaching,1729486477.803329,1729486477.871235,0,-,0,1,0,1,0,-,-,-,-,-,-,1,0,0,false,8.581491,11.357882,-,0,-,-,-,-,-,-,-,-,-,-,-,-,-,-,-,-,-,-,-,-,-,-
1729486477.969443,IntersectionApproaching,1729486477.803329,1729486477.871235,0,-,0,1,0,1,0,-,-,-,-,-,-,1,0,0,false,8.581491,11.357882,-,0,-,-,-,-,-,-,-,-,-,-,-,-,-,-,-,-,-,-,-,-,-,-
1729486478.002837,IntersectionApproaching,1729486477.864438,1729486477.946369,0,-,0,1,0,1,0,-,-,-,-,-,-,1,0,0,false,8.396912,11.173160,-,0,-,-,-,-,-,-,-,-,-,-,-,-,-,-,-,-,-,-,-,-,-,-
1729486478.036295,IntersectionApproaching,1729486477.864438,1729486477.946369,0,-,0,1,0,1,0,-,-,-,-,-,-,1,0,0,false,8.396912,11.173160,-,0,-,-,-,-,-,-,-,-,-,-,-,-,-,-,-,-,-,-,-,-,-,-
1729486478.069734,IntersectionApproaching,1729486477.864438,1729486478.003881,0,-,0,1,0,1,0,-,-,-,-,-,-,1,0,0,false,8.277853,11.054018,-,0,-,-,-,-,-,-,-,-,-,-,-,-,-,-,-,-,-,-,-,-,-,-
1729486478.103046,IntersectionApproaching,1729486477.939394,1729486478.003881,0,-,0,1,0,1,0,-,-,-,-,-,-,1,0,0,false,8.277853,11.054018,-,0,-,-,-,-,-,-,-,-,-,-,-,-,-,-,-,-,-,-,-,-,-,-
1729486478.136401,IntersectionApproaching,1729486477.939394,1729486478.003881,0,-,0,1,0,1,0,-,-,-,-,-,-,1,0,0,false,8.277853,11.054018,-,0,-,-,-,-,-,-,-,-,-,-,-,-,-,-,-,-,-,-,-,-,-,-
1729486478.169879,IntersectionApproaching,1729486477.997986,1729486478.072419,0,-,0,1,0,1,0,-,-,-,-,-,-,1,0,0,false,8.081975,10.857978,-,0,-,-,-,-,-,-,-,-,-,-,-,-,-,-,-,-,-,-,-,-,-,-
1729486478.203258,IntersectionApproaching,1729486477.997986,1729486478.141643,0,-,0,1,0,1,0,-,-,-,-,-,-,1,0,0,false,7.918591,10.694452,-,0,-,-,-,-,-,-,-,-,-,-,-,-,-,-,-,-,-,-,-,-,-,-
1729486478.236782,IntersectionApproaching,1729486478.065814,1729486478.141643,0,-,0,1,0,1,0,-,-,-,-,-,-,1,0,0,false,7.918591,10.694452,-,0,-,-,-,-,-,-,-,-,-,-,-,-,-,-,-,-,-,-,-,-,-,-
1729486478.270047,IntersectionApproaching,1729486478.134600,1729486478.201378,0,-,0,1,0,1,0,-,-,-,-,-,-,1,0,0,false,7.767684,10.543412,-,0,-,-,-,-,-,-,-,-,-,-,-,-,-,-,-,-,-,-,-,-,-,-
1729486478.303455,IntersectionApproaching,1729486478.134600,1729486478.201378,0,-,0,1,0,1,0,-,-,-,-,-,-,1,0,0,false,7.767684,10.543412,-,0,-,-,-,-,-,-,-,-,-,-,-,-,-,-,-,-,-,-,-,-,-,-
1729486478.336835,IntersectionApproaching,1729486478.195289,1729486478.269665,0,-,0,1,0,1,0,-,-,-,-,-,-,1,0,0,false,7.549053,10.324581,-,0,-,-,-,-,-,-,-,-,-,-,-,-,-,-,-,-,-,-,-,-,-,-
1729486478.370522,IntersectionApproaching,1729486478.195289,1729486478.269665,0,-,0,1,0,1,0,-,-,-,-,-,-,1,0,0,false,7.549053,10.324581,-,0,-,-,-,-,-,-,-,-,-,-,-,-,-,-,-,-,-,-,-,-,-,-
1729486478.403600,IntersectionApproaching,1729486478.263797,1729486478.337120,0,-,0,1,0,1,0,-,-,-,-,-,-,1,0,0,false,7.261122,10.036357,-,0,-,-,-,-,-,-,-,-,-,-,-,-,-,-,-,-,-,-,-,-,-,-
1729486478.437116,IntersectionApproaching,1729486478.331531,1729486478.337120,0,-,0,1,0,1,0,-,-,-,-,-,-,1,0,0,false,7.261122,10.036357,-,0,-,-,-,-,-,-,-,-,-,-,-,-,-,-,-,-,-,-,-,-,-,-
1729486478.470549,IntersectionApproaching,1729486478.331531,1729486478.411450,0,-,0,1,0,1,0,-,-,-,-,-,-,1,0,0,false,7.011808,9.786756,-,0,-,-,-,-,-,-,-,-,-,-,-,-,-,-,-,-,-,-,-,-,-,-
1729486478.503997,IntersectionApproaching,1729486478.331531,1729486478.411450,0,-,0,1,0,1,0,-,-,-,-,-,-,1,0,0,false,7.011808,9.786756,-,0,-,-,-,-,-,-,-,-,-,-,-,-,-,-,-,-,-,-,-,-,-,-
1729486478.537251,IntersectionApproaching,1729486478.405230,1729486478.474711,0,-,0,1,0,1,0,-,-,-,-,-,-,1,0,0,false,6.801111,9.575788,-,0,-,-,-,-,-,-,-,-,-,-,-,-,-,-,-,-,-,-,-,-,-,-
1729486478.570725,IntersectionApproaching,1729486478.405230,1729486478.534011,0,-,0,1,0,1,0,-,-,-,-,-,-,1,0,0,false,6.567292,9.341650,-,0,-,-,-,-,-,-,-,-,-,-,-,-,-,-,-,-,-,-,-,-,-,-
1729486478.603970,IntersectionApproaching,1729486478.468853,1729486478.534011,0,-,0,1,0,1,0,-,-,-,-,-,-,1,0,0,false,6.567292,9.341650,-,0,-,-,-,-,-,-,-,-,-,-,-,-,-,-,-,-,-,-,-,-,-,-
1729486478.637366,IntersectionApproaching,1729486478.468853,1729486478.534011,0,-,0,1,0,1,0,-,-,-,-,-,-,1,0,0,false,6.567292,9.341650,-,0,-,-,-,-,-,-,-,-,-,-,-,-,-,-,-,-,-,-,-,-,-,-
1729486478.670805,IntersectionApproaching,1729486478.528640,1729486478.606377,0,-,0,1,0,1,0,-,-,-,-,-,-,1,0,0,false,6.345486,9.119527,-,0,-,-,-,-,-,-,-,-,-,-,-,-,-,-,-,-,-,-,-,-,-,-
1729486478.704311,IntersectionApproaching,1729486478.528640,1729486478.606377,0,-,0,1,0,1,0,-,-,-,-,-,-,1,0,0,false,6.345486,9.119527,-,0,-,-,-,-,-,-,-,-,-,-,-,-,-,-,-,-,-,-,-,-,-,-
1729486478.737539,IntersectionApproaching,1729486478.599995,1729486478.671707,0,-,0,1,0,1,0,-,-,-,-,-,-,1,0,0,false,6.148645,8.922386,-,0,-,-,-,-,-,-,-,-,-,-,-,-,-,-,-,-,-,-,-,-,-,-
1729486478.771165,IntersectionApproaching,1729486478.599995,1729486478.671707,0,-,0,1,0,1,0,-,-,-,-,-,-,1,0,0,false,6.148645,8.922386,-,0,-,-,-,-,-,-,-,-,-,-,-,-,-,-,-,-,-,-,-,-,-,-
1729486478.804345,IntersectionApproaching,1729486478.665833,1729486478.737816,0,-,0,1,0,1,0,-,-,-,-,-,-,1,0,0,false,5.988645,8.762106,-,0,-,-,-,-,-,-,-,-,-,-,-,-,-,-,-,-,-,-,-,-,-,-
1729486478.837756,IntersectionApproaching,1729486478.665833,1729486478.737816,0,-,0,1,0,1,0,-,-,-,-,-,-,1,0,0,false,5.988645,8.762106,-,0,-,-,-,-,-,-,-,-,-,-,-,-,-,-,-,-,-,-,-,-,-,-
1729486478.871134,IntersectionApproaching,1729486478.731287,1729486478.805366,0,-,0,1,0,1,0,-,-,-,-,-,-,1,0,0,false,5.781498,8.554555,-,0,-,-,-,-,-,-,-,-,-,-,-,-,-,-,-,-,-,-,-,-,-,-
1729486478.904592,IntersectionApproaching,1729486478.799682,1729486478.805366,0,-,0,1,0,1,0,-,-,-,-,-,-,1,0,0,false,5.781498,8.554555,-,0,-,-,-,-,-,-,-,-,-,-,-,-,-,-,-,-,-,-,-,-,-,-
1729486478.938085,IntersectionApproaching,1729486478.799682,1729486478.877907,0,-,0,1,0,1,0,-,-,-,-,-,-,1,0,0,false,5.601624,8.374315,-,0,-,-,-,-,-,-,-,-,-,-,-,-,-,-,-,-,-,-,-,-,-,-
1729486478.971371,IntersectionApproaching,1729486478.799682,1729486478.877907,0,-,0,1,0,1,0,-,-,-,-,-,-,1,0,0,false,5.601624,8.374315,-,0,-,-,-,-,-,-,-,-,-,-,-,-,-,-,-,-,-,-,-,-,-,-
1729486479.004701,IntersectionApproaching,1729486478.872465,1729486478.936682,0,-,0,1,0,1,0,-,-,-,-,-,-,1,0,0,false,5.458611,8.231009,-,0,-,-,-,-,-,-,-,-,-,-,-,-,-,-,-,-,-,-,-,-,-,-
1729486479.038134,IntersectionApproaching,1729486478.872465,1729486478.936682,0,-,0,1,0,1,0,-,-,-,-,-,-,1,0,0,false,5.458611,8.231009,-,0,-,-,-,-,-,-,-,-,-,-,-,-,-,-,-,-,-,-,-,-,-,-
1729486479.071589,IntersectionApproaching,1729486478.872465,1729486479.008289,0,-,0,1,0,1,0,-,-,-,-,-,-,1,0,0,false,5.307652,8.079728,-,0,-,-,-,-,-,-,-,-,-,-,-,-,-,-,-,-,-,-,-,-,-,-
1729486479.104939,IntersectionApproaching,1729486478.931307,1729486479.008289,0,-,0,1,0,1,0,-,-,-,-,-,-,1,0,0,false,5.307652,8.079728,-,0,-,-,-,-,-,-,-,-,-,-,-,-,-,-,-,-,-,-,-,-,-,-
1729486479.138659,IntersectionApproaching,1729486479.001288,1729486479.069358,0,-,0,1,0,1,0,-,-,-,-,-,-,1,0,0,false,5.141908,7.913544,-,0,-,-,-,-,-,-,-,-,-,-,-,-,-,-,-,-,-,-,-,-,-,-
1729486479.171689,IntersectionApproaching,1729486479.001288,1729486479.069358,0,-,0,1,0,1,0,-,-,-,-,-,-,1,0,0,false,5.141908,7.913544,-,0,-,-,-,-,-,-,-,-,-,-,-,-,-,-,-,-,-,-,-,-,-,-
1729486479.205166,IntersectionApproaching,1729486479.063138,1729486479.137934,0,-,0,1,0,1,0,-,-,-,-,-,-,1,0,0,false,4.950724,7.721834,-,0,-,-,-,-,-,-,-,-,-,-,-,-,-,-,-,-,-,-,-,-,-,-
1729486479.238473,IntersectionApproaching,1729486479.063138,1729486479.137934,0,-,0,1,0,1,0,-,-,-,-,-,-,1,0,0,false,4.950724,7.721834,-,0,-,-,-,-,-,-,-,-,-,-,-,-,-,-,-,-,-,-,-,-,-,-
1729486479.271895,IntersectionApproaching,1729486479.131967,1729486479.204299,0,-,0,1,0,1,0,-,-,-,-,-,-,1,0,0,false,4.729290,7.499706,-,0,-,-,-,-,-,-,-,-,-,-,-,-,-,-,-,-,-,-,-,-,-,-
1729486479.305267,IntersectionApproaching,1729486479.131967,1729486479.204299,0,-,0,1,0,1,0,-,-,-,-,-,-,1,0,0,false,4.729290,7.499706,-,0,-,-,-,-,-,-,-,-,-,-,-,-,-,-,-,-,-,-,-,-,-,-
1729486479.338672,IntersectionApproaching,1729486479.197832,1729486479.274629,0,-,0,1,0,1,0,-,-,-,-,-,-,1,0,0,false,4.503422,7.273068,-,0,-,-,-,-,-,-,-,-,-,-,-,-,-,-,-,-,-,-,-,-,-,-
1729486479.372038,IntersectionApproaching,1729486479.197832,1729486479.274629,0,-,0,1,0,1,0,-,-,-,-,-,-,1,0,0,false,4.503422,7.273068,-,0,-,-,-,-,-,-,-,-,-,-,-,-,-,-,-,-,-,-,-,-,-,-
1729486479.405486,IntersectionApproaching,1729486479.267846,1729486479.343062,0,-,0,1,0,1,0,-,-,-,-,-,-,1,0,0,false,4.253836,7.022504,-,0,-,-,-,-,-,-,-,-,-,-,-,-,-,-,-,-,-,-,-,-,-,-
1729486479.438842,IntersectionApproaching,1729486479.267846,1729486479.343062,0,-,0,1,0,1,0,-,-,-,-,-,-,1,0,0,false,4.253836,7.022504,-,0,-,-,-,-,-,-,-,-,-,-,-,-,-,-,-,-,-,-,-,-,-,-
1729486479.472220,IntersectionApproaching,1729486479.336903,1729486479.406612,0,-,0,1,0,1,0,-,-,-,-,-,-,1,0,0,false,3.957190,6.724464,-,0,-,-,-,-,-,-,-,-,-,-,-,-,-,-,-,-,-,-,-,-,-,-
1729486479.505631,IntersectionApproaching,1729486479.336903,1729486479.406612,0,-,0,1,0,1,0,-,-,-,-,-,-,1,0,0,false,3.957190,6.724464,-,0,-,-,-,-,-,-,-,-,-,-,-,-,-,-,-,-,-,-,-,-,-,-
1729486479.539215,IntersectionApproaching,1729486479.336903,1729486479.473324,0,-,0,1,0,1,0,-,-,-,-,-,-,1,0,0,false,3.673799,6.439479,-,0,-,-,-,-,-,-,-,-,-,-,-,-,-,-,-,-,-,-,-,-,-,-
1729486479.572464,IntersectionApproaching,1729486479.401103,1729486479.537082,0,-,0,1,0,1,0,-,-,-,-,-,-,1,0,0,false,3.456368,6.220620,-,0,-,-,-,-,-,-,-,-,-,-,-,-,-,-,-,-,-,-,-,-,-,-
1729486479.605828,IntersectionApproaching,1729486479.468554,1729486479.537082,0,-,0,1,0,1,0,-,-,-,-,-,-,1,0,0,false,3.456368,6.220620,-,0,-,-,-,-,-,-,-,-,-,-,-,-,-,-,-,-,-,-,-,-,-,-
1729486479.639356,IntersectionApproaching,1729486479.468554,1729486479.537082,0,-,0,1,0,1,0,-,-,-,-,-,-,1,0,0,false,3.456368,6.220620,-,0,-,-,-,-,-,-,-,-,-,-,-,-,-,-,-,-,-,-,-,-,-,-
1729486479.672652,IntersectionApproaching,1729486479.468554,1729486479.603927,0,-,0,1,0,1,0,-,-,-,-,-,-,1,0,0,false,3.198138,5.960381,-,0,-,-,-,-,-,-,-,-,-,-,-,-,-,-,-,-,-,-,-,-,-,-
1729486479.706158,IntersectionApproaching,1729486479.468554,1729486479.603927,0,-,0,1,0,1,0,-,-,-,-,-,-,1,0,0,false,3.198138,5.960381,-,0,-,-,-,-,-,-,-,-,-,-,-,-,-,-,-,-,-,-,-,-,-,-
1729486479.739621,IntersectionApproaching,1729486479.537082,1729486479.672021,0,-,0,1,0,1,0,-,-,-,-,-,-,1,0,0,false,2.950082,5.709974,-,0,-,-,-,-,-,-,-,-,-,-,-,-,-,-,-,-,-,-,-,-,-,-
1729486479.772995,IntersectionApproaching,1729486479.537082,1729486479.672021,0,-,0,1,0,1,0,-,-,-,-,-,-,1,0,0,false,2.950082,5.709974,-,0,-,-,-,-,-,-,-,-,-,-,-,-,-,-,-,-,-,-,-,-,-,-
1729486479.806350,IntersectionApproaching,1729486479.603927,1729486479.737182,0,-,0,1,0,1,0,-,-,-,-,-,-,1,0,0,false,2.760394,5.518174,-,0,-,-,-,-,-,-,-,-,-,-,-,-,-,-,-,-,-,-,-,-,-,-
1729486479.839847,IntersectionApproaching,1729486479.603927,1729486479.737182,0,-,0,1,0,1,0,-,-,-,-,-,-,1,0,0,false,2.760394,5.518174,-,0,-,-,-,-,-,-,-,-,-,-,-,-,-,-,-,-,-,-,-,-,-,-
1729486479.873381,IntersectionApproaching,1729486479.672021,1729486479.807029,0,-,0,1,0,1,0,-,-,-,-,-,-,1,0,0,false,2.481569,5.235521,-,0,-,-,-,-,-,-,-,-,-,-,-,-,-,-,-,-,-,-,-,-,-,-
1729486479.906570,IntersectionApproaching,1729486479.672021,1729486479.807029,0,-,0,1,0,1,0,-,-,-,-,-,-,1,0,0,false,2.481569,5.235521,-,0,-,-,-,-,-,-,-,-,-,-,-,-,-,-,-,-,-,-,-,-,-,-
1729486479.939950,IntersectionApproaching,1729486479.737182,1729486479.871006,0,-,0,1,0,1,0,-,-,-,-,-,-,1,0,0,false,2.095131,4.841619,-,0,-,-,-,-,-,-,-,-,-,-,-,-,-,-,-,-,-,-,-,-,-,-
1729486479.973343,IntersectionApproaching,1729486479.737182,1729486479.939987,0,-,0,1,0,1,0,-,-,-,-,-,-,1,0,0,false,1.771757,4.508999,-,0,-,-,-,-,-,-,-,-,-,-,-,-,-,-,-,-,-,-,-,-,-,-
1729486480.006714,IntersectionApproaching,1729486479.807029,1729486479.939987,0,-,0,1,0,1,0,-,-,-,-,-,-,1,0,0,false,1.771757,4.508999,-,0,-,-,-,-,-,-,-,-,-,-,-,-,-,-,-,-,-,-,-,-,-,-
1729486480.040062,IntersectionApproaching,1729486479.933269,1729486480.002964,0,-,0,1,0,1,0,-,-,-,-,-,-,1,0,0,false,1.535282,4.262689,-,0,-,-,-,-,-,-,-,-,-,-,-,-,-,-,-,-,-,-,-,-,-,-
1729486480.073574,IntersectionApproaching,1729486479.933269,1729486480.002964,0,-,0,1,0,1,0,-,-,-,-,-,-,1,0,0,false,1.535282,4.262689,-,0,-,-,-,-,-,-,-,-,-,-,-,-,-,-,-,-,-,-,-,-,-,-
1729486480.106841,IntersectionApproaching,1729486479.998381,1729486480.074114,0,-,0,1,0,1,0,-,-,-,-,-,-,1,0,0,false,1.320450,4.035284,-,0,-,-,-,-,-,-,-,-,-,-,-,-,-,-,-,-,-,-,-,-,-,-
1729486480.140199,IntersectionApproaching,1729486479.998381,1729486480.074114,0,-,0,1,0,1,0,-,-,-,-,-,-,1,0,0,false,1.320450,4.035284,-,0,-,-,-,-,-,-,-,-,-,-,-,-,-,-,-,-,-,-,-,-,-,-
1729486480.173641,IntersectionApproaching,1729486480.067873,1729486480.134451,0,-,0,1,0,1,0,-,-,-,-,-,-,1,0,1,true,1.067213,3.759984,-2.780000,0,-,-,-,-,-,-,-,-,-,-,-,-,-,-,-,-,-,-,-,-,-,-
1729486480.207045,IntersectionForward,1729486480.067873,1729486480.134451,0,-,-,-,-,-,-,-,-,-,-,-,-,-,-,-,-,-,-,-,-,-,-,-,-,-,-,-,0,false,0,0,false,3,1,false,0,0,false,0,0,-,-
1729486480.240269,IntersectionForward,1729486480.129822,1729486480.134451,0,-,-,-,-,-,-,-,-,-,-,-,-,-,-,-,-,-,-,-,-,-,-,-,-,-,-,-,0,false,0,0,false,3,2,false,0,0,false,0,0,-,-
